timestamp_utc,session_count,mem_available_mib,swap_used_mib,load1,container,cpu_percent,mem_used_mib,pids
2026-07-03T02:19:26Z,1,13534,0,0.04,cgv-shinyproxy,0.84,539.90,116
2026-07-03T02:19:26Z,1,13534,0,0.04,cgv-nginx,0.00,6.88,9
2026-07-03T02:19:26Z,1,13534,0,0.04,sp-container-2a45ead0-c15e-454f-b248-312bfd2d53bc-0,1.59,421.50,27
2026-07-03T02:19:31Z,1,13538,0,0.04,cgv-shinyproxy,0.84,539.90,116
2026-07-03T02:19:31Z,1,13538,0,0.04,cgv-nginx,0.00,6.88,9
2026-07-03T02:19:31Z,1,13538,0,0.04,sp-container-2a45ead0-c15e-454f-b248-312bfd2d53bc-0,1.58,421.50,27
2026-07-03T02:19:37Z,1,13551,0,0.04,cgv-shinyproxy,0.84,539.90,116
2026-07-03T02:19:37Z,1,13551,0,0.04,cgv-nginx,0.00,6.88,9
2026-07-03T02:19:37Z,1,13551,0,0.04,sp-container-2a45ead0-c15e-454f-b248-312bfd2d53bc-0,1.57,421.50,27
2026-07-03T02:19:42Z,1,13548,0,0.03,cgv-shinyproxy,0.84,539.90,116
2026-07-03T02:19:42Z,1,13548,0,0.03,cgv-nginx,0.00,6.88,9
2026-07-03T02:19:42Z,1,13548,0,0.03,sp-container-2a45ead0-c15e-454f-b248-312bfd2d53bc-0,1.56,421.50,27
2026-07-03T02:19:48Z,6,12735,0,0.81,cgv-shinyproxy,0.86,577.80,119
2026-07-03T02:19:48Z,6,12735,0,0.81,cgv-nginx,0.00,7.00,9
2026-07-03T02:19:48Z,6,12735,0,0.81,sp-container-2a45ead0-c15e-454f-b248-312bfd2d53bc-0,2.04,483.50,27
2026-07-03T02:19:48Z,6,12735,0,0.81,sp-container-9544bc9c-f87d-4521-ace5-4a64d9c22d4b-0,104.33,127.70,9
2026-07-03T02:19:48Z,6,12735,0,0.81,sp-container-1957f8fc-9e10-4b6d-9f85-01701c7ecbe0-0,105.10,127.70,9
2026-07-03T02:19:48Z,6,12735,0,0.81,sp-container-853d36d1-b45e-42b5-9a2c-6d6dd615a008-0,99.39,159.90,9
2026-07-03T02:19:48Z,6,12735,0,0.81,sp-container-ce0fdee4-389f-44bf-bf43-1ac389110f85-0,103.02,131.70,9
2026-07-03T02:19:48Z,6,12735,0,0.81,sp-container-f2b831ae-3c65-41f0-b7d6-83e19b033856-0,102.22,147.70,9
2026-07-03T02:19:54Z,6,11686,0,1.15,cgv-shinyproxy,0.86,556.70,119
2026-07-03T02:19:54Z,6,11686,0,1.15,cgv-nginx,0.00,7.01,9
2026-07-03T02:19:54Z,6,11686,0,1.15,sp-container-2a45ead0-c15e-454f-b248-312bfd2d53bc-0,2.68,466.80,27
2026-07-03T02:19:54Z,6,11686,0,1.15,sp-container-9544bc9c-f87d-4521-ace5-4a64d9c22d4b-0,107.28,345.90,27
2026-07-03T02:19:54Z,6,11686,0,1.15,sp-container-1957f8fc-9e10-4b6d-9f85-01701c7ecbe0-0,105.67,345.90,27
2026-07-03T02:19:54Z,6,11686,0,1.15,sp-container-853d36d1-b45e-42b5-9a2c-6d6dd615a008-0,96.21,345.80,27
2026-07-03T02:19:54Z,6,11686,0,1.15,sp-container-ce0fdee4-389f-44bf-bf43-1ac389110f85-0,105.36,345.90,27
2026-07-03T02:19:54Z,6,11686,0,1.15,sp-container-f2b831ae-3c65-41f0-b7d6-83e19b033856-0,97.93,345.80,27
2026-07-03T02:20:00Z,6,11519,0,1.54,cgv-shinyproxy,0.86,556.70,119
2026-07-03T02:20:00Z,6,11519,0,1.54,cgv-nginx,0.00,7.01,9
2026-07-03T02:20:00Z,6,11519,0,1.54,sp-container-2a45ead0-c15e-454f-b248-312bfd2d53bc-0,3.34,466.80,27
2026-07-03T02:20:00Z,6,11519,0,1.54,sp-container-9544bc9c-f87d-4521-ace5-4a64d9c22d4b-0,104.64,366.60,27
2026-07-03T02:20:00Z,6,11519,0,1.54,sp-container-1957f8fc-9e10-4b6d-9f85-01701c7ecbe0-0,103.63,415.60,27
2026-07-03T02:20:00Z,6,11519,0,1.54,sp-container-853d36d1-b45e-42b5-9a2c-6d6dd615a008-0,97.53,364.60,27
2026-07-03T02:20:00Z,6,11519,0,1.54,sp-container-ce0fdee4-389f-44bf-bf43-1ac389110f85-0,103.38,416.30,27
2026-07-03T02:20:00Z,6,11519,0,1.54,sp-container-f2b831ae-3c65-41f0-b7d6-83e19b033856-0,98.64,363.80,27
2026-07-03T02:20:06Z,6,11320,0,1.89,cgv-shinyproxy,0.88,567.50,128
2026-07-03T02:20:06Z,6,11320,0,1.89,cgv-nginx,0.00,7.11,9
2026-07-03T02:20:06Z,6,11320,0,1.89,sp-container-2a45ead0-c15e-454f-b248-312bfd2d53bc-0,3.48,494.80,27
2026-07-03T02:20:06Z,6,11320,0,1.89,sp-container-9544bc9c-f87d-4521-ace5-4a64d9c22d4b-0,102.86,422.90,27
2026-07-03T02:20:06Z,6,11320,0,1.89,sp-container-1957f8fc-9e10-4b6d-9f85-01701c7ecbe0-0,100.04,425.40,27
2026-07-03T02:20:06Z,6,11320,0,1.89,sp-container-853d36d1-b45e-42b5-9a2c-6d6dd615a008-0,96.91,419.10,27
2026-07-03T02:20:06Z,6,11320,0,1.89,sp-container-ce0fdee4-389f-44bf-bf43-1ac389110f85-0,99.96,426.50,27
2026-07-03T02:20:06Z,6,11320,0,1.89,sp-container-f2b831ae-3c65-41f0-b7d6-83e19b033856-0,98.16,422.90,27
2026-07-03T02:20:12Z,6,11251,0,2.22,cgv-shinyproxy,0.89,573.30,128
2026-07-03T02:20:12Z,6,11251,0,2.22,cgv-nginx,0.00,7.12,9
2026-07-03T02:20:12Z,6,11251,0,2.22,sp-container-2a45ead0-c15e-454f-b248-312bfd2d53bc-0,3.46,494.80,27
2026-07-03T02:20:12Z,6,11251,0,2.22,sp-container-9544bc9c-f87d-4521-ace5-4a64d9c22d4b-0,101.59,425.90,27
2026-07-03T02:20:12Z,6,11251,0,2.22,sp-container-1957f8fc-9e10-4b6d-9f85-01701c7ecbe0-0,92.61,467.50,27
2026-07-03T02:20:12Z,6,11251,0,2.22,sp-container-853d36d1-b45e-42b5-9a2c-6d6dd615a008-0,90.23,424.50,27
2026-07-03T02:20:12Z,6,11251,0,2.22,sp-container-ce0fdee4-389f-44bf-bf43-1ac389110f85-0,96.94,468.50,27
2026-07-03T02:20:12Z,6,11251,0,2.22,sp-container-f2b831ae-3c65-41f0-b7d6-83e19b033856-0,95.88,424.80,27
2026-07-03T02:20:18Z,6,11184,0,2.52,cgv-shinyproxy,0.91,580.20,128
2026-07-03T02:20:18Z,6,11184,0,2.52,cgv-nginx,0.00,7.07,9
2026-07-03T02:20:18Z,6,11184,0,2.52,sp-container-2a45ead0-c15e-454f-b248-312bfd2d53bc-0,3.43,494.80,27
2026-07-03T02:20:18Z,6,11184,0,2.52,sp-container-9544bc9c-f87d-4521-ace5-4a64d9c22d4b-0,100.46,477.80,27
2026-07-03T02:20:18Z,6,11184,0,2.52,sp-container-1957f8fc-9e10-4b6d-9f85-01701c7ecbe0-0,93.70,467.50,27
2026-07-03T02:20:18Z,6,11184,0,2.52,sp-container-853d36d1-b45e-42b5-9a2c-6d6dd615a008-0,75.05,424.50,27
2026-07-03T02:20:18Z,6,11184,0,2.52,sp-container-ce0fdee4-389f-44bf-bf43-1ac389110f85-0,97.16,489.80,27
2026-07-03T02:20:18Z,6,11184,0,2.52,sp-container-f2b831ae-3c65-41f0-b7d6-83e19b033856-0,94.97,477.50,27
2026-07-03T02:20:23Z,6,11083,0,2.81,cgv-shinyproxy,0.91,580.20,128
2026-07-03T02:20:23Z,6,11083,0,2.81,cgv-nginx,0.00,7.07,9
2026-07-03T02:20:23Z,6,11083,0,2.81,sp-container-2a45ead0-c15e-454f-b248-312bfd2d53bc-0,3.41,494.80,27
2026-07-03T02:20:23Z,6,11083,0,2.81,sp-container-9544bc9c-f87d-4521-ace5-4a64d9c22d4b-0,96.85,505.80,27
2026-07-03T02:20:23Z,6,11083,0,2.81,sp-container-1957f8fc-9e10-4b6d-9f85-01701c7ecbe0-0,84.40,495.50,27
2026-07-03T02:20:23Z,6,11083,0,2.81,sp-container-853d36d1-b45e-42b5-9a2c-6d6dd615a008-0,64.29,424.50,27
2026-07-03T02:20:23Z,6,11083,0,2.81,sp-container-ce0fdee4-389f-44bf-bf43-1ac389110f85-0,84.05,496.50,27
2026-07-03T02:20:23Z,6,11083,0,2.81,sp-container-f2b831ae-3c65-41f0-b7d6-83e19b033856-0,93.61,505.50,27
2026-07-03T02:20:29Z,6,11046,0,2.66,cgv-shinyproxy,0.91,580.20,128
2026-07-03T02:20:29Z,6,11046,0,2.66,cgv-nginx,0.00,7.07,9
2026-07-03T02:20:29Z,6,11046,0,2.66,sp-container-2a45ead0-c15e-454f-b248-312bfd2d53bc-0,3.39,494.80,27
2026-07-03T02:20:29Z,6,11046,0,2.66,sp-container-9544bc9c-f87d-4521-ace5-4a64d9c22d4b-0,85.02,505.80,27
2026-07-03T02:20:29Z,6,11046,0,2.66,sp-container-1957f8fc-9e10-4b6d-9f85-01701c7ecbe0-0,74.05,495.50,27
2026-07-03T02:20:29Z,6,11046,0,2.66,sp-container-853d36d1-b45e-42b5-9a2c-6d6dd615a008-0,56.39,424.50,27
2026-07-03T02:20:29Z,6,11046,0,2.66,sp-container-ce0fdee4-389f-44bf-bf43-1ac389110f85-0,73.71,496.50,27
2026-07-03T02:20:29Z,6,11046,0,2.66,sp-container-f2b831ae-3c65-41f0-b7d6-83e19b033856-0,86.08,558.90,27
2026-07-03T02:20:34Z,6,10781,0,2.53,cgv-shinyproxy,0.91,580.20,128
2026-07-03T02:20:34Z,6,10781,0,2.53,cgv-nginx,0.00,7.07,9
2026-07-03T02:20:34Z,6,10781,0,2.53,sp-container-2a45ead0-c15e-454f-b248-312bfd2d53bc-0,3.37,494.80,27
2026-07-03T02:20:34Z,6,10781,0,2.53,sp-container-9544bc9c-f87d-4521-ace5-4a64d9c22d4b-0,75.75,505.80,27
2026-07-03T02:20:34Z,6,10781,0,2.53,sp-container-1957f8fc-9e10-4b6d-9f85-01701c7ecbe0-0,65.94,495.50,27
2026-07-03T02:20:34Z,6,10781,0,2.53,sp-container-853d36d1-b45e-42b5-9a2c-6d6dd615a008-0,50.20,424.50,27
2026-07-03T02:20:34Z,6,10781,0,2.53,sp-container-ce0fdee4-389f-44bf-bf43-1ac389110f85-0,65.62,496.50,27
2026-07-03T02:20:34Z,6,10781,0,2.53,sp-container-f2b831ae-3c65-41f0-b7d6-83e19b033856-0,87.61,804.90,27
2026-07-03T02:20:40Z,6,10452,0,2.65,cgv-shinyproxy,0.91,580.20,128
2026-07-03T02:20:40Z,6,10452,0,2.65,cgv-nginx,0.00,7.07,9
2026-07-03T02:20:40Z,6,10452,0,2.65,sp-container-2a45ead0-c15e-454f-b248-312bfd2d53bc-0,3.35,494.80,27
2026-07-03T02:20:40Z,6,10452,0,2.65,sp-container-9544bc9c-f87d-4521-ace5-4a64d9c22d4b-0,68.58,505.80,27
2026-07-03T02:20:40Z,6,10452,0,2.65,sp-container-1957f8fc-9e10-4b6d-9f85-01701c7ecbe0-0,59.46,495.50,27
2026-07-03T02:20:40Z,6,10452,0,2.65,sp-container-853d36d1-b45e-42b5-9a2c-6d6dd615a008-0,45.25,424.50,27
2026-07-03T02:20:40Z,6,10452,0,2.65,sp-container-ce0fdee4-389f-44bf-bf43-1ac389110f85-0,59.15,496.50,27
2026-07-03T02:20:40Z,6,10452,0,2.65,sp-container-f2b831ae-3c65-41f0-b7d6-83e19b033856-0,88.61,1166.34,27
2026-07-03T02:20:46Z,6,10183,0,2.59,cgv-shinyproxy,0.91,580.20,128
2026-07-03T02:20:46Z,6,10183,0,2.59,cgv-nginx,0.00,7.07,9
2026-07-03T02:20:46Z,6,10183,0,2.59,sp-container-2a45ead0-c15e-454f-b248-312bfd2d53bc-0,3.33,494.80,27
2026-07-03T02:20:46Z,6,10183,0,2.59,sp-container-9544bc9c-f87d-4521-ace5-4a64d9c22d4b-0,69.45,715.20,27
2026-07-03T02:20:46Z,6,10183,0,2.59,sp-container-1957f8fc-9e10-4b6d-9f85-01701c7ecbe0-0,54.09,495.50,27
2026-07-03T02:20:46Z,6,10183,0,2.59,sp-container-853d36d1-b45e-42b5-9a2c-6d6dd615a008-0,41.16,424.50,27
2026-07-03T02:20:46Z,6,10183,0,2.59,sp-container-ce0fdee4-389f-44bf-bf43-1ac389110f85-0,53.79,496.50,27
2026-07-03T02:20:46Z,6,10183,0,2.59,sp-container-f2b831ae-3c65-41f0-b7d6-83e19b033856-0,89.65,1236.99,27
2026-07-03T02:20:51Z,6,9683,0,2.55,cgv-shinyproxy,0.91,580.30,128
2026-07-03T02:20:51Z,6,9683,0,2.55,cgv-nginx,0.00,7.07,9
2026-07-03T02:20:51Z,6,9683,0,2.55,sp-container-2a45ead0-c15e-454f-b248-312bfd2d53bc-0,3.31,494.80,27
2026-07-03T02:20:51Z,6,9683,0,2.55,sp-container-9544bc9c-f87d-4521-ace5-4a64d9c22d4b-0,71.97,1064.96,27
2026-07-03T02:20:51Z,6,9683,0,2.55,sp-container-1957f8fc-9e10-4b6d-9f85-01701c7ecbe0-0,49.64,495.50,27
2026-07-03T02:20:51Z,6,9683,0,2.55,sp-container-853d36d1-b45e-42b5-9a2c-6d6dd615a008-0,37.77,424.50,27
2026-07-03T02:20:51Z,6,9683,0,2.55,sp-container-ce0fdee4-389f-44bf-bf43-1ac389110f85-0,49.36,496.50,27
2026-07-03T02:20:51Z,6,9683,0,2.55,sp-container-f2b831ae-3c65-41f0-b7d6-83e19b033856-0,90.34,1442.82,27
2026-07-03T02:20:57Z,6,9224,0,2.50,cgv-shinyproxy,0.91,582.10,129
2026-07-03T02:20:57Z,6,9224,0,2.50,cgv-nginx,0.00,7.07,9
2026-07-03T02:20:57Z,6,9224,0,2.50,sp-container-2a45ead0-c15e-454f-b248-312bfd2d53bc-0,3.29,494.80,27
2026-07-03T02:20:57Z,6,9224,0,2.50,sp-container-9544bc9c-f87d-4521-ace5-4a64d9c22d4b-0,74.09,1072.13,27
2026-07-03T02:20:57Z,6,9224,0,2.50,sp-container-1957f8fc-9e10-4b6d-9f85-01701c7ecbe0-0,45.86,495.50,27
2026-07-03T02:20:57Z,6,9224,0,2.50,sp-container-853d36d1-b45e-42b5-9a2c-6d6dd615a008-0,34.89,424.50,27
2026-07-03T02:20:57Z,6,9224,0,2.50,sp-container-ce0fdee4-389f-44bf-bf43-1ac389110f85-0,45.59,496.50,27
2026-07-03T02:20:57Z,6,9224,0,2.50,sp-container-f2b831ae-3c65-41f0-b7d6-83e19b033856-0,91.02,1845.25,27
2026-07-03T02:21:02Z,6,9234,0,2.30,cgv-shinyproxy,0.91,582.10,128
2026-07-03T02:21:02Z,6,9234,0,2.30,cgv-nginx,0.00,7.07,9
2026-07-03T02:21:02Z,6,9234,0,2.30,sp-container-2a45ead0-c15e-454f-b248-312bfd2d53bc-0,3.27,494.80,27
2026-07-03T02:21:02Z,6,9234,0,2.30,sp-container-9544bc9c-f87d-4521-ace5-4a64d9c22d4b-0,69.70,1072.13,27
2026-07-03T02:21:02Z,6,9234,0,2.30,sp-container-1957f8fc-9e10-4b6d-9f85-01701c7ecbe0-0,42.60,495.50,27
2026-07-03T02:21:02Z,6,9234,0,2.30,sp-container-853d36d1-b45e-42b5-9a2c-6d6dd615a008-0,32.41,424.50,27
2026-07-03T02:21:02Z,6,9234,0,2.30,sp-container-ce0fdee4-389f-44bf-bf43-1ac389110f85-0,42.35,496.50,27
2026-07-03T02:21:02Z,6,9234,0,2.30,sp-container-f2b831ae-3c65-41f0-b7d6-83e19b033856-0,84.52,1845.25,27
2026-07-03T02:21:08Z,6,9232,0,2.12,cgv-shinyproxy,0.91,582.10,128
2026-07-03T02:21:08Z,6,9232,0,2.12,cgv-nginx,0.00,7.07,9
2026-07-03T02:21:08Z,6,9232,0,2.12,sp-container-2a45ead0-c15e-454f-b248-312bfd2d53bc-0,3.25,494.80,27
2026-07-03T02:21:08Z,6,9232,0,2.12,sp-container-9544bc9c-f87d-4521-ace5-4a64d9c22d4b-0,69.17,1078.27,27
2026-07-03T02:21:08Z,6,9232,0,2.12,sp-container-1957f8fc-9e10-4b6d-9f85-01701c7ecbe0-0,39.81,495.50,27
2026-07-03T02:21:08Z,6,9232,0,2.12,sp-container-853d36d1-b45e-42b5-9a2c-6d6dd615a008-0,30.29,424.50,27
2026-07-03T02:21:08Z,6,9232,0,2.12,sp-container-ce0fdee4-389f-44bf-bf43-1ac389110f85-0,39.57,496.50,27
2026-07-03T02:21:08Z,6,9232,0,2.12,sp-container-f2b831ae-3c65-41f0-b7d6-83e19b033856-0,78.96,1845.25,27
2026-07-03T02:21:13Z,6,9192,0,2.02,cgv-shinyproxy,0.91,582.10,127
2026-07-03T02:21:13Z,6,9192,0,2.02,cgv-nginx,0.00,7.07,9
2026-07-03T02:21:13Z,6,9192,0,2.02,sp-container-2a45ead0-c15e-454f-b248-312bfd2d53bc-0,3.49,532.00,27
2026-07-03T02:21:13Z,6,9192,0,2.02,sp-container-9544bc9c-f87d-4521-ace5-4a64d9c22d4b-0,71.08,1137.66,27
2026-07-03T02:21:13Z,6,9192,0,2.02,sp-container-1957f8fc-9e10-4b6d-9f85-01701c7ecbe0-0,37.34,495.50,27
2026-07-03T02:21:13Z,6,9192,0,2.02,sp-container-853d36d1-b45e-42b5-9a2c-6d6dd615a008-0,28.40,424.50,27
2026-07-03T02:21:13Z,6,9192,0,2.02,sp-container-ce0fdee4-389f-44bf-bf43-1ac389110f85-0,37.11,496.50,27
2026-07-03T02:21:13Z,6,9192,0,2.02,sp-container-f2b831ae-3c65-41f0-b7d6-83e19b033856-0,74.04,1845.25,27
2026-07-03T02:21:19Z,6,8562,0,2.02,cgv-shinyproxy,0.91,582.10,127
2026-07-03T02:21:19Z,6,8562,0,2.02,cgv-nginx,0.00,7.07,9
2026-07-03T02:21:19Z,6,8562,0,2.02,sp-container-2a45ead0-c15e-454f-b248-312bfd2d53bc-0,4.06,765.60,27
2026-07-03T02:21:19Z,6,8562,0,2.02,sp-container-9544bc9c-f87d-4521-ace5-4a64d9c22d4b-0,72.67,1555.46,27
2026-07-03T02:21:19Z,6,8562,0,2.02,sp-container-1957f8fc-9e10-4b6d-9f85-01701c7ecbe0-0,35.17,495.50,27
2026-07-03T02:21:19Z,6,8562,0,2.02,sp-container-853d36d1-b45e-42b5-9a2c-6d6dd615a008-0,26.75,424.50,27
2026-07-03T02:21:19Z,6,8562,0,2.02,sp-container-ce0fdee4-389f-44bf-bf43-1ac389110f85-0,34.95,496.50,27
2026-07-03T02:21:19Z,6,8562,0,2.02,sp-container-f2b831ae-3c65-41f0-b7d6-83e19b033856-0,69.71,1845.25,27
2026-07-03T02:21:25Z,6,8367,0,1.94,cgv-shinyproxy,0.91,582.10,127
2026-07-03T02:21:25Z,6,8367,0,1.94,cgv-nginx,0.00,7.07,9
2026-07-03T02:21:25Z,6,8367,0,1.94,sp-container-2a45ead0-c15e-454f-b248-312bfd2d53bc-0,4.62,964.50,27
2026-07-03T02:21:25Z,6,8367,0,1.94,sp-container-9544bc9c-f87d-4521-ace5-4a64d9c22d4b-0,69.40,1555.46,27
2026-07-03T02:21:25Z,6,8367,0,1.94,sp-container-1957f8fc-9e10-4b6d-9f85-01701c7ecbe0-0,33.25,495.50,27
2026-07-03T02:21:25Z,6,8367,0,1.94,sp-container-853d36d1-b45e-42b5-9a2c-6d6dd615a008-0,25.29,424.50,27
2026-07-03T02:21:25Z,6,8367,0,1.94,sp-container-ce0fdee4-389f-44bf-bf43-1ac389110f85-0,33.03,496.50,27
2026-07-03T02:21:25Z,6,8367,0,1.94,sp-container-f2b831ae-3c65-41f0-b7d6-83e19b033856-0,65.88,1845.25,27
2026-07-03T02:21:30Z,6,8040,0,1.86,cgv-shinyproxy,0.91,582.10,127
2026-07-03T02:21:30Z,6,8040,0,1.86,cgv-nginx,0.00,7.07,9
2026-07-03T02:21:30Z,6,8040,0,1.86,sp-container-2a45ead0-c15e-454f-b248-312bfd2d53bc-0,5.17,1324.03,27
2026-07-03T02:21:30Z,6,8040,0,1.86,sp-container-9544bc9c-f87d-4521-ace5-4a64d9c22d4b-0,65.79,1555.46,27
2026-07-03T02:21:30Z,6,8040,0,1.86,sp-container-1957f8fc-9e10-4b6d-9f85-01701c7ecbe0-0,31.52,495.50,27
2026-07-03T02:21:30Z,6,8040,0,1.86,sp-container-853d36d1-b45e-42b5-9a2c-6d6dd615a008-0,23.97,424.50,27
2026-07-03T02:21:30Z,6,8040,0,1.86,sp-container-ce0fdee4-389f-44bf-bf43-1ac389110f85-0,32.75,500.90,27
2026-07-03T02:21:30Z,6,8040,0,1.86,sp-container-f2b831ae-3c65-41f0-b7d6-83e19b033856-0,62.44,1845.25,27
2026-07-03T02:21:36Z,6,7796,0,1.80,cgv-shinyproxy,0.91,582.10,127
2026-07-03T02:21:36Z,6,7796,0,1.80,cgv-nginx,0.00,7.07,9
2026-07-03T02:21:36Z,6,7796,0,1.80,sp-container-2a45ead0-c15e-454f-b248-312bfd2d53bc-0,5.29,1324.03,27
2026-07-03T02:21:36Z,6,7796,0,1.80,sp-container-9544bc9c-f87d-4521-ace5-4a64d9c22d4b-0,62.54,1555.46,27
2026-07-03T02:21:36Z,6,7796,0,1.80,sp-container-1957f8fc-9e10-4b6d-9f85-01701c7ecbe0-0,29.96,495.50,27
2026-07-03T02:21:36Z,6,7796,0,1.80,sp-container-853d36d1-b45e-42b5-9a2c-6d6dd615a008-0,22.78,424.50,27
2026-07-03T02:21:36Z,6,7796,0,1.80,sp-container-ce0fdee4-389f-44bf-bf43-1ac389110f85-0,36.08,771.20,27
2026-07-03T02:21:36Z,6,7796,0,1.80,sp-container-f2b831ae-3c65-41f0-b7d6-83e19b033856-0,59.34,1845.25,27
2026-07-03T02:21:41Z,6,7665,0,1.73,cgv-shinyproxy,0.91,582.10,127
2026-07-03T02:21:41Z,6,7665,0,1.73,cgv-nginx,0.00,7.07,9
2026-07-03T02:21:41Z,6,7665,0,1.73,sp-container-2a45ead0-c15e-454f-b248-312bfd2d53bc-0,5.26,1324.03,27
2026-07-03T02:21:41Z,6,7665,0,1.73,sp-container-9544bc9c-f87d-4521-ace5-4a64d9c22d4b-0,59.59,1555.46,27
2026-07-03T02:21:41Z,6,7665,0,1.73,sp-container-1957f8fc-9e10-4b6d-9f85-01701c7ecbe0-0,28.75,495.50,27
2026-07-03T02:21:41Z,6,7665,0,1.73,sp-container-853d36d1-b45e-42b5-9a2c-6d6dd615a008-0,21.71,424.50,27
2026-07-03T02:21:41Z,6,7665,0,1.73,sp-container-ce0fdee4-389f-44bf-bf43-1ac389110f85-0,38.85,922.50,27
2026-07-03T02:21:41Z,6,7665,0,1.73,sp-container-f2b831ae-3c65-41f0-b7d6-83e19b033856-0,56.53,1845.25,27
2026-07-03T02:21:47Z,6,7164,0,1.75,cgv-shinyproxy,0.91,582.10,127
2026-07-03T02:21:47Z,6,7164,0,1.75,cgv-nginx,0.00,7.07,9
2026-07-03T02:21:47Z,6,7164,0,1.75,sp-container-2a45ead0-c15e-454f-b248-312bfd2d53bc-0,5.23,1324.03,27
2026-07-03T02:21:47Z,6,7164,0,1.75,sp-container-9544bc9c-f87d-4521-ace5-4a64d9c22d4b-0,56.92,1555.46,27
2026-07-03T02:21:47Z,6,7164,0,1.75,sp-container-1957f8fc-9e10-4b6d-9f85-01701c7ecbe0-0,30.58,673.20,27
2026-07-03T02:21:47Z,6,7164,0,1.75,sp-container-853d36d1-b45e-42b5-9a2c-6d6dd615a008-0,20.73,424.50,27
2026-07-03T02:21:47Z,6,7164,0,1.75,sp-container-ce0fdee4-389f-44bf-bf43-1ac389110f85-0,41.61,1278.98,27
2026-07-03T02:21:47Z,6,7164,0,1.75,sp-container-f2b831ae-3c65-41f0-b7d6-83e19b033856-0,53.98,1845.25,27
2026-07-03T02:21:52Z,6,6891,0,1.77,cgv-shinyproxy,0.91,582.10,127
2026-07-03T02:21:52Z,6,6891,0,1.77,cgv-nginx,0.00,7.07,9
2026-07-03T02:21:52Z,6,6891,0,1.77,sp-container-2a45ead0-c15e-454f-b248-312bfd2d53bc-0,5.20,1324.03,27
2026-07-03T02:21:52Z,6,6891,0,1.77,sp-container-9544bc9c-f87d-4521-ace5-4a64d9c22d4b-0,54.47,1555.46,27
2026-07-03T02:21:52Z,6,6891,0,1.77,sp-container-1957f8fc-9e10-4b6d-9f85-01701c7ecbe0-0,33.57,809.50,27
2026-07-03T02:21:52Z,6,6891,0,1.77,sp-container-853d36d1-b45e-42b5-9a2c-6d6dd615a008-0,19.84,424.50,27
2026-07-03T02:21:52Z,6,6891,0,1.77,sp-container-ce0fdee4-389f-44bf-bf43-1ac389110f85-0,43.61,1408.00,27
2026-07-03T02:21:52Z,6,6891,0,1.77,sp-container-f2b831ae-3c65-41f0-b7d6-83e19b033856-0,51.65,1845.25,27
2026-07-03T02:21:58Z,6,6597,0,1.71,cgv-shinyproxy,0.91,582.10,127
2026-07-03T02:21:58Z,6,6597,0,1.71,cgv-nginx,0.00,7.07,9
2026-07-03T02:21:58Z,6,6597,0,1.71,sp-container-2a45ead0-c15e-454f-b248-312bfd2d53bc-0,5.17,1324.03,27
2026-07-03T02:21:58Z,6,6597,0,1.71,sp-container-9544bc9c-f87d-4521-ace5-4a64d9c22d4b-0,52.23,1555.46,27
2026-07-03T02:21:58Z,6,6597,0,1.71,sp-container-1957f8fc-9e10-4b6d-9f85-01701c7ecbe0-0,36.32,1153.02,27
2026-07-03T02:21:58Z,6,6597,0,1.71,sp-container-853d36d1-b45e-42b5-9a2c-6d6dd615a008-0,19.02,424.50,27
2026-07-03T02:21:58Z,6,6597,0,1.71,sp-container-ce0fdee4-389f-44bf-bf43-1ac389110f85-0,41.81,1408.00,27
2026-07-03T02:21:58Z,6,6597,0,1.71,sp-container-f2b831ae-3c65-41f0-b7d6-83e19b033856-0,49.52,1845.25,27
2026-07-03T02:22:03Z,6,6563,0,1.68,cgv-shinyproxy,0.91,582.10,127
2026-07-03T02:22:03Z,6,6563,0,1.68,cgv-nginx,0.00,7.07,9
2026-07-03T02:22:03Z,6,6563,0,1.68,sp-container-2a45ead0-c15e-454f-b248-312bfd2d53bc-0,5.14,1324.03,27
2026-07-03T02:22:03Z,6,6563,0,1.68,sp-container-9544bc9c-f87d-4521-ace5-4a64d9c22d4b-0,50.17,1555.46,27
2026-07-03T02:22:03Z,6,6563,0,1.68,sp-container-1957f8fc-9e10-4b6d-9f85-01701c7ecbe0-0,38.83,1185.79,27
2026-07-03T02:22:03Z,6,6563,0,1.68,sp-container-853d36d1-b45e-42b5-9a2c-6d6dd615a008-0,18.27,424.50,27
2026-07-03T02:22:03Z,6,6563,0,1.68,sp-container-ce0fdee4-389f-44bf-bf43-1ac389110f85-0,40.16,1408.00,27
2026-07-03T02:22:03Z,6,6563,0,1.68,sp-container-f2b831ae-3c65-41f0-b7d6-83e19b033856-0,47.57,1845.25,27
2026-07-03T02:22:09Z,6,6572,0,1.63,cgv-shinyproxy,0.91,582.10,127
2026-07-03T02:22:09Z,6,6572,0,1.63,cgv-nginx,0.00,7.07,9
2026-07-03T02:22:09Z,6,6572,0,1.63,sp-container-2a45ead0-c15e-454f-b248-312bfd2d53bc-0,5.11,1324.03,27
2026-07-03T02:22:09Z,6,6572,0,1.63,sp-container-9544bc9c-f87d-4521-ace5-4a64d9c22d4b-0,48.26,1555.46,27
2026-07-03T02:22:09Z,6,6572,0,1.63,sp-container-1957f8fc-9e10-4b6d-9f85-01701c7ecbe0-0,41.02,1185.79,27
2026-07-03T02:22:09Z,6,6572,0,1.63,sp-container-853d36d1-b45e-42b5-9a2c-6d6dd615a008-0,17.58,424.50,27
2026-07-03T02:22:09Z,6,6572,0,1.63,sp-container-ce0fdee4-389f-44bf-bf43-1ac389110f85-0,38.63,1408.00,27
2026-07-03T02:22:09Z,6,6572,0,1.63,sp-container-f2b831ae-3c65-41f0-b7d6-83e19b033856-0,45.75,1845.25,27
2026-07-03T02:22:14Z,6,6546,0,1.58,cgv-shinyproxy,0.91,582.10,127
2026-07-03T02:22:14Z,6,6546,0,1.58,cgv-nginx,0.00,7.07,9
2026-07-03T02:22:14Z,6,6546,0,1.58,sp-container-2a45ead0-c15e-454f-b248-312bfd2d53bc-0,5.09,1324.03,27
2026-07-03T02:22:14Z,6,6546,0,1.58,sp-container-9544bc9c-f87d-4521-ace5-4a64d9c22d4b-0,46.50,1555.46,27
2026-07-03T02:22:14Z,6,6546,0,1.58,sp-container-1957f8fc-9e10-4b6d-9f85-01701c7ecbe0-0,40.89,1210.37,27
2026-07-03T02:22:14Z,6,6546,0,1.58,sp-container-853d36d1-b45e-42b5-9a2c-6d6dd615a008-0,16.94,424.50,27
2026-07-03T02:22:14Z,6,6546,0,1.58,sp-container-ce0fdee4-389f-44bf-bf43-1ac389110f85-0,37.21,1408.00,27
2026-07-03T02:22:14Z,6,6546,0,1.58,sp-container-f2b831ae-3c65-41f0-b7d6-83e19b033856-0,44.07,1845.25,27
2026-07-03T02:22:20Z,6,6473,0,1.53,cgv-shinyproxy,0.91,582.10,126
2026-07-03T02:22:20Z,6,6473,0,1.53,cgv-nginx,0.00,7.07,9
2026-07-03T02:22:20Z,6,6473,0,1.53,sp-container-2a45ead0-c15e-454f-b248-312bfd2d53bc-0,5.06,1324.03,27
2026-07-03T02:22:20Z,6,6473,0,1.53,sp-container-9544bc9c-f87d-4521-ace5-4a64d9c22d4b-0,44.86,1555.46,27
2026-07-03T02:22:20Z,6,6473,0,1.53,sp-container-1957f8fc-9e10-4b6d-9f85-01701c7ecbe0-0,42.97,1291.26,27
2026-07-03T02:22:20Z,6,6473,0,1.53,sp-container-853d36d1-b45e-42b5-9a2c-6d6dd615a008-0,16.34,424.50,27
2026-07-03T02:22:20Z,6,6473,0,1.53,sp-container-ce0fdee4-389f-44bf-bf43-1ac389110f85-0,35.90,1408.00,27
2026-07-03T02:22:20Z,6,6473,0,1.53,sp-container-f2b831ae-3c65-41f0-b7d6-83e19b033856-0,42.52,1845.25,27
2026-07-03T02:22:26Z,6,6483,0,1.49,cgv-shinyproxy,0.91,582.10,126
2026-07-03T02:22:26Z,6,6483,0,1.49,cgv-nginx,0.00,7.07,9
2026-07-03T02:22:26Z,6,6483,0,1.49,sp-container-2a45ead0-c15e-454f-b248-312bfd2d53bc-0,5.03,1324.03,27
2026-07-03T02:22:26Z,6,6483,0,1.49,sp-container-9544bc9c-f87d-4521-ace5-4a64d9c22d4b-0,43.33,1555.46,27
2026-07-03T02:22:26Z,6,6483,0,1.49,sp-container-1957f8fc-9e10-4b6d-9f85-01701c7ecbe0-0,44.93,1291.26,27
2026-07-03T02:22:26Z,6,6483,0,1.49,sp-container-853d36d1-b45e-42b5-9a2c-6d6dd615a008-0,15.78,424.50,27
2026-07-03T02:22:26Z,6,6483,0,1.49,sp-container-ce0fdee4-389f-44bf-bf43-1ac389110f85-0,34.67,1408.00,27
2026-07-03T02:22:26Z,6,6483,0,1.49,sp-container-f2b831ae-3c65-41f0-b7d6-83e19b033856-0,41.06,1845.25,27
2026-07-03T02:22:31Z,6,6477,0,1.53,cgv-shinyproxy,0.91,582.10,126
2026-07-03T02:22:31Z,6,6477,0,1.53,cgv-nginx,0.00,7.07,9
2026-07-03T02:22:31Z,6,6477,0,1.53,sp-container-2a45ead0-c15e-454f-b248-312bfd2d53bc-0,5.00,1324.03,27
2026-07-03T02:22:31Z,6,6477,0,1.53,sp-container-9544bc9c-f87d-4521-ace5-4a64d9c22d4b-0,41.90,1555.46,27
2026-07-03T02:22:31Z,6,6477,0,1.53,sp-container-1957f8fc-9e10-4b6d-9f85-01701c7ecbe0-0,46.75,1309.70,27
2026-07-03T02:22:31Z,6,6477,0,1.53,sp-container-853d36d1-b45e-42b5-9a2c-6d6dd615a008-0,15.26,424.50,27
2026-07-03T02:22:31Z,6,6477,0,1.53,sp-container-ce0fdee4-389f-44bf-bf43-1ac389110f85-0,33.53,1408.00,27
2026-07-03T02:22:31Z,6,6477,0,1.53,sp-container-f2b831ae-3c65-41f0-b7d6-83e19b033856-0,39.70,1845.25,27
2026-07-03T02:22:37Z,6,5845,0,1.49,cgv-shinyproxy,0.91,582.10,127
2026-07-03T02:22:37Z,6,5845,0,1.49,cgv-nginx,0.00,7.09,9
2026-07-03T02:22:37Z,6,5845,0,1.49,sp-container-2a45ead0-c15e-454f-b248-312bfd2d53bc-0,4.98,1324.03,27
2026-07-03T02:22:37Z,6,5845,0,1.49,sp-container-9544bc9c-f87d-4521-ace5-4a64d9c22d4b-0,40.56,1555.46,27
2026-07-03T02:22:37Z,6,5845,0,1.49,sp-container-1957f8fc-9e10-4b6d-9f85-01701c7ecbe0-0,48.27,1989.63,27
2026-07-03T02:22:37Z,6,5845,0,1.49,sp-container-853d36d1-b45e-42b5-9a2c-6d6dd615a008-0,14.78,424.50,27
2026-07-03T02:22:37Z,6,5845,0,1.49,sp-container-ce0fdee4-389f-44bf-bf43-1ac389110f85-0,32.45,1408.00,27
2026-07-03T02:22:37Z,6,5845,0,1.49,sp-container-f2b831ae-3c65-41f0-b7d6-83e19b033856-0,38.43,1845.25,27
2026-07-03T02:22:42Z,6,5808,0,1.45,cgv-shinyproxy,0.91,582.20,127
2026-07-03T02:22:42Z,6,5808,0,1.45,cgv-nginx,0.00,7.07,9
2026-07-03T02:22:42Z,6,5808,0,1.45,sp-container-2a45ead0-c15e-454f-b248-312bfd2d53bc-0,4.95,1324.03,27
2026-07-03T02:22:42Z,6,5808,0,1.45,sp-container-9544bc9c-f87d-4521-ace5-4a64d9c22d4b-0,39.31,1555.46,27
2026-07-03T02:22:42Z,6,5808,0,1.45,sp-container-1957f8fc-9e10-4b6d-9f85-01701c7ecbe0-0,49.89,2028.54,27
2026-07-03T02:22:42Z,6,5808,0,1.45,sp-container-853d36d1-b45e-42b5-9a2c-6d6dd615a008-0,14.32,424.50,27
2026-07-03T02:22:42Z,6,5808,0,1.45,sp-container-ce0fdee4-389f-44bf-bf43-1ac389110f85-0,31.45,1408.00,27
2026-07-03T02:22:42Z,6,5808,0,1.45,sp-container-f2b831ae-3c65-41f0-b7d6-83e19b033856-0,37.23,1845.25,27
2026-07-03T02:22:48Z,6,5812,0,1.41,cgv-shinyproxy,0.91,582.20,127
2026-07-03T02:22:48Z,6,5812,0,1.41,cgv-nginx,0.00,7.07,9
2026-07-03T02:22:48Z,6,5812,0,1.41,sp-container-2a45ead0-c15e-454f-b248-312bfd2d53bc-0,4.92,1324.03,27
2026-07-03T02:22:48Z,6,5812,0,1.41,sp-container-9544bc9c-f87d-4521-ace5-4a64d9c22d4b-0,38.13,1555.46,27
2026-07-03T02:22:48Z,6,5812,0,1.41,sp-container-1957f8fc-9e10-4b6d-9f85-01701c7ecbe0-0,51.39,2031.62,27
2026-07-03T02:22:48Z,6,5812,0,1.41,sp-container-853d36d1-b45e-42b5-9a2c-6d6dd615a008-0,13.89,424.50,27
2026-07-03T02:22:48Z,6,5812,0,1.41,sp-container-ce0fdee4-389f-44bf-bf43-1ac389110f85-0,30.50,1408.00,27
2026-07-03T02:22:48Z,6,5812,0,1.41,sp-container-f2b831ae-3c65-41f0-b7d6-83e19b033856-0,36.11,1845.25,27
2026-07-03T02:22:53Z,6,5807,0,1.43,cgv-shinyproxy,0.91,582.20,127
2026-07-03T02:22:53Z,6,5807,0,1.43,cgv-nginx,0.00,7.07,9
2026-07-03T02:22:53Z,6,5807,0,1.43,sp-container-2a45ead0-c15e-454f-b248-312bfd2d53bc-0,4.90,1324.03,27
2026-07-03T02:22:53Z,6,5807,0,1.43,sp-container-9544bc9c-f87d-4521-ace5-4a64d9c22d4b-0,37.01,1555.46,27
2026-07-03T02:22:53Z,6,5807,0,1.43,sp-container-1957f8fc-9e10-4b6d-9f85-01701c7ecbe0-0,50.30,2031.62,27
2026-07-03T02:22:53Z,6,5807,0,1.43,sp-container-853d36d1-b45e-42b5-9a2c-6d6dd615a008-0,13.48,424.50,27
2026-07-03T02:22:53Z,6,5807,0,1.43,sp-container-ce0fdee4-389f-44bf-bf43-1ac389110f85-0,29.61,1408.00,27
2026-07-03T02:22:53Z,6,5807,0,1.43,sp-container-f2b831ae-3c65-41f0-b7d6-83e19b033856-0,35.05,1845.25,27
2026-07-03T02:22:59Z,6,5810,0,1.31,cgv-shinyproxy,0.90,582.20,127
2026-07-03T02:22:59Z,6,5810,0,1.31,cgv-nginx,0.00,7.07,9
2026-07-03T02:22:59Z,6,5810,0,1.31,sp-container-2a45ead0-c15e-454f-b248-312bfd2d53bc-0,4.87,1324.03,27
2026-07-03T02:22:59Z,6,5810,0,1.31,sp-container-9544bc9c-f87d-4521-ace5-4a64d9c22d4b-0,35.97,1555.46,27
2026-07-03T02:22:59Z,6,5810,0,1.31,sp-container-1957f8fc-9e10-4b6d-9f85-01701c7ecbe0-0,48.86,2031.62,27
2026-07-03T02:22:59Z,6,5810,0,1.31,sp-container-853d36d1-b45e-42b5-9a2c-6d6dd615a008-0,13.10,424.50,27
2026-07-03T02:22:59Z,6,5810,0,1.31,sp-container-ce0fdee4-389f-44bf-bf43-1ac389110f85-0,28.78,1408.00,27
2026-07-03T02:22:59Z,6,5810,0,1.31,sp-container-f2b831ae-3c65-41f0-b7d6-83e19b033856-0,34.05,1845.25,27
2026-07-03T02:23:04Z,6,5832,0,1.21,cgv-shinyproxy,0.90,582.20,127
2026-07-03T02:23:04Z,6,5832,0,1.21,cgv-nginx,0.00,7.07,9
2026-07-03T02:23:04Z,6,5832,0,1.21,sp-container-2a45ead0-c15e-454f-b248-312bfd2d53bc-0,4.85,1324.03,27
2026-07-03T02:23:04Z,6,5832,0,1.21,sp-container-9544bc9c-f87d-4521-ace5-4a64d9c22d4b-0,34.97,1555.46,27
2026-07-03T02:23:04Z,6,5832,0,1.21,sp-container-1957f8fc-9e10-4b6d-9f85-01701c7ecbe0-0,47.50,2031.62,27
2026-07-03T02:23:04Z,6,5832,0,1.21,sp-container-853d36d1-b45e-42b5-9a2c-6d6dd615a008-0,12.74,424.50,27
2026-07-03T02:23:04Z,6,5832,0,1.21,sp-container-ce0fdee4-389f-44bf-bf43-1ac389110f85-0,27.98,1408.00,27
2026-07-03T02:23:04Z,6,5832,0,1.21,sp-container-f2b831ae-3c65-41f0-b7d6-83e19b033856-0,33.12,1845.25,27
2026-07-03T02:23:10Z,6,5826,0,1.11,cgv-shinyproxy,0.90,582.20,127
2026-07-03T02:23:10Z,6,5826,0,1.11,cgv-nginx,0.00,7.07,9
2026-07-03T02:23:10Z,6,5826,0,1.11,sp-container-2a45ead0-c15e-454f-b248-312bfd2d53bc-0,4.82,1324.03,27
2026-07-03T02:23:10Z,6,5826,0,1.11,sp-container-9544bc9c-f87d-4521-ace5-4a64d9c22d4b-0,34.02,1555.46,27
2026-07-03T02:23:10Z,6,5826,0,1.11,sp-container-1957f8fc-9e10-4b6d-9f85-01701c7ecbe0-0,46.21,2031.62,27
2026-07-03T02:23:10Z,6,5826,0,1.11,sp-container-853d36d1-b45e-42b5-9a2c-6d6dd615a008-0,12.40,424.50,27
2026-07-03T02:23:10Z,6,5826,0,1.11,sp-container-ce0fdee4-389f-44bf-bf43-1ac389110f85-0,27.22,1408.00,27
2026-07-03T02:23:10Z,6,5826,0,1.11,sp-container-f2b831ae-3c65-41f0-b7d6-83e19b033856-0,32.22,1845.25,27
2026-07-03T02:23:16Z,6,5838,0,1.02,cgv-shinyproxy,0.90,582.20,127
2026-07-03T02:23:16Z,6,5838,0,1.02,cgv-nginx,0.00,7.07,9
2026-07-03T02:23:16Z,6,5838,0,1.02,sp-container-2a45ead0-c15e-454f-b248-312bfd2d53bc-0,4.80,1324.03,27
2026-07-03T02:23:16Z,6,5838,0,1.02,sp-container-9544bc9c-f87d-4521-ace5-4a64d9c22d4b-0,33.13,1555.46,27
2026-07-03T02:23:16Z,6,5838,0,1.02,sp-container-1957f8fc-9e10-4b6d-9f85-01701c7ecbe0-0,45.01,2031.62,27
2026-07-03T02:23:16Z,6,5838,0,1.02,sp-container-853d36d1-b45e-42b5-9a2c-6d6dd615a008-0,12.07,424.50,27
2026-07-03T02:23:16Z,6,5838,0,1.02,sp-container-ce0fdee4-389f-44bf-bf43-1ac389110f85-0,26.50,1408.00,27
2026-07-03T02:23:16Z,6,5838,0,1.02,sp-container-f2b831ae-3c65-41f0-b7d6-83e19b033856-0,31.37,1845.25,27
2026-07-03T02:23:21Z,6,5842,0,0.94,cgv-shinyproxy,0.90,582.20,127
2026-07-03T02:23:21Z,6,5842,0,0.94,cgv-nginx,0.00,7.07,9
2026-07-03T02:23:21Z,6,5842,0,0.94,sp-container-2a45ead0-c15e-454f-b248-312bfd2d53bc-0,4.77,1324.03,27
2026-07-03T02:23:21Z,6,5842,0,0.94,sp-container-9544bc9c-f87d-4521-ace5-4a64d9c22d4b-0,32.28,1555.46,27
2026-07-03T02:23:21Z,6,5842,0,0.94,sp-container-1957f8fc-9e10-4b6d-9f85-01701c7ecbe0-0,43.86,2031.62,27
2026-07-03T02:23:21Z,6,5842,0,0.94,sp-container-853d36d1-b45e-42b5-9a2c-6d6dd615a008-0,11.77,424.50,27
2026-07-03T02:23:21Z,6,5842,0,0.94,sp-container-ce0fdee4-389f-44bf-bf43-1ac389110f85-0,25.83,1408.00,27
2026-07-03T02:23:21Z,6,5842,0,0.94,sp-container-f2b831ae-3c65-41f0-b7d6-83e19b033856-0,30.57,1845.25,27
2026-07-03T02:23:27Z,6,5835,0,0.86,cgv-shinyproxy,0.90,582.20,127
2026-07-03T02:23:27Z,6,5835,0,0.86,cgv-nginx,0.00,7.07,9
2026-07-03T02:23:27Z,6,5835,0,0.86,sp-container-2a45ead0-c15e-454f-b248-312bfd2d53bc-0,4.75,1324.03,27
2026-07-03T02:23:27Z,6,5835,0,0.86,sp-container-9544bc9c-f87d-4521-ace5-4a64d9c22d4b-0,31.47,1555.46,27
2026-07-03T02:23:27Z,6,5835,0,0.86,sp-container-1957f8fc-9e10-4b6d-9f85-01701c7ecbe0-0,42.76,2031.62,27
2026-07-03T02:23:27Z,6,5835,0,0.86,sp-container-853d36d1-b45e-42b5-9a2c-6d6dd615a008-0,11.47,424.50,27
2026-07-03T02:23:27Z,6,5835,0,0.86,sp-container-ce0fdee4-389f-44bf-bf43-1ac389110f85-0,25.18,1408.00,27
2026-07-03T02:23:27Z,6,5835,0,0.86,sp-container-f2b831ae-3c65-41f0-b7d6-83e19b033856-0,29.80,1845.25,27
2026-07-03T02:23:32Z,6,5848,0,0.79,cgv-shinyproxy,0.90,582.20,127
2026-07-03T02:23:32Z,6,5848,0,0.79,cgv-nginx,0.00,7.07,9
2026-07-03T02:23:32Z,6,5848,0,0.79,sp-container-2a45ead0-c15e-454f-b248-312bfd2d53bc-0,4.72,1324.03,27
2026-07-03T02:23:32Z,6,5848,0,0.79,sp-container-9544bc9c-f87d-4521-ace5-4a64d9c22d4b-0,30.71,1555.46,27
2026-07-03T02:23:32Z,6,5848,0,0.79,sp-container-1957f8fc-9e10-4b6d-9f85-01701c7ecbe0-0,41.71,2031.62,27
2026-07-03T02:23:32Z,6,5848,0,0.79,sp-container-853d36d1-b45e-42b5-9a2c-6d6dd615a008-0,11.19,424.50,27
2026-07-03T02:23:32Z,6,5848,0,0.79,sp-container-ce0fdee4-389f-44bf-bf43-1ac389110f85-0,24.56,1408.00,27
2026-07-03T02:23:32Z,6,5848,0,0.79,sp-container-f2b831ae-3c65-41f0-b7d6-83e19b033856-0,29.07,1845.25,27
2026-07-03T02:23:38Z,6,5824,0,0.73,cgv-shinyproxy,0.90,582.10,126
2026-07-03T02:23:38Z,6,5824,0,0.73,cgv-nginx,0.00,7.07,9
2026-07-03T02:23:38Z,6,5824,0,0.73,sp-container-2a45ead0-c15e-454f-b248-312bfd2d53bc-0,4.70,1324.03,27
2026-07-03T02:23:38Z,6,5824,0,0.73,sp-container-9544bc9c-f87d-4521-ace5-4a64d9c22d4b-0,29.98,1555.46,27
2026-07-03T02:23:38Z,6,5824,0,0.73,sp-container-1957f8fc-9e10-4b6d-9f85-01701c7ecbe0-0,40.72,2031.62,27
2026-07-03T02:23:38Z,6,5824,0,0.73,sp-container-853d36d1-b45e-42b5-9a2c-6d6dd615a008-0,10.93,424.50,27
2026-07-03T02:23:38Z,6,5824,0,0.73,sp-container-ce0fdee4-389f-44bf-bf43-1ac389110f85-0,23.98,1408.00,27
2026-07-03T02:23:38Z,6,5824,0,0.73,sp-container-f2b831ae-3c65-41f0-b7d6-83e19b033856-0,28.38,1845.25,27
2026-07-03T02:23:44Z,6,5836,0,0.91,cgv-shinyproxy,0.90,582.10,126
2026-07-03T02:23:44Z,6,5836,0,0.91,cgv-nginx,0.00,7.07,9
2026-07-03T02:23:44Z,6,5836,0,0.91,sp-container-2a45ead0-c15e-454f-b248-312bfd2d53bc-0,4.68,1324.03,27
2026-07-03T02:23:44Z,6,5836,0,0.91,sp-container-9544bc9c-f87d-4521-ace5-4a64d9c22d4b-0,29.28,1555.46,27
2026-07-03T02:23:44Z,6,5836,0,0.91,sp-container-1957f8fc-9e10-4b6d-9f85-01701c7ecbe0-0,39.76,2031.62,27
2026-07-03T02:23:44Z,6,5836,0,0.91,sp-container-853d36d1-b45e-42b5-9a2c-6d6dd615a008-0,10.67,424.50,27
2026-07-03T02:23:44Z,6,5836,0,0.91,sp-container-ce0fdee4-389f-44bf-bf43-1ac389110f85-0,23.42,1408.00,27
2026-07-03T02:23:44Z,6,5836,0,0.91,sp-container-f2b831ae-3c65-41f0-b7d6-83e19b033856-0,27.71,1845.25,27
2026-07-03T02:23:49Z,6,5855,0,0.84,cgv-shinyproxy,0.90,582.10,126
2026-07-03T02:23:49Z,6,5855,0,0.84,cgv-nginx,0.00,7.07,9
2026-07-03T02:23:49Z,6,5855,0,0.84,sp-container-2a45ead0-c15e-454f-b248-312bfd2d53bc-0,4.65,1324.03,27
2026-07-03T02:23:49Z,6,5855,0,0.84,sp-container-9544bc9c-f87d-4521-ace5-4a64d9c22d4b-0,28.61,1555.46,27
2026-07-03T02:23:49Z,6,5855,0,0.84,sp-container-1957f8fc-9e10-4b6d-9f85-01701c7ecbe0-0,38.86,2031.62,27
2026-07-03T02:23:49Z,6,5855,0,0.84,sp-container-853d36d1-b45e-42b5-9a2c-6d6dd615a008-0,10.43,424.50,27
2026-07-03T02:23:49Z,6,5855,0,0.84,sp-container-ce0fdee4-389f-44bf-bf43-1ac389110f85-0,22.89,1408.00,27
2026-07-03T02:23:49Z,6,5855,0,0.84,sp-container-f2b831ae-3c65-41f0-b7d6-83e19b033856-0,27.09,1845.25,27
2026-07-03T02:23:55Z,6,5859,0,0.77,cgv-shinyproxy,0.90,582.10,126
2026-07-03T02:23:55Z,6,5859,0,0.77,cgv-nginx,0.00,7.07,9
2026-07-03T02:23:55Z,6,5859,0,0.77,sp-container-2a45ead0-c15e-454f-b248-312bfd2d53bc-0,4.63,1324.03,27
2026-07-03T02:23:55Z,6,5859,0,0.77,sp-container-9544bc9c-f87d-4521-ace5-4a64d9c22d4b-0,27.98,1555.46,27
2026-07-03T02:23:55Z,6,5859,0,0.77,sp-container-1957f8fc-9e10-4b6d-9f85-01701c7ecbe0-0,38.00,2031.62,27
2026-07-03T02:23:55Z,6,5859,0,0.77,sp-container-853d36d1-b45e-42b5-9a2c-6d6dd615a008-0,10.20,424.50,27
2026-07-03T02:23:55Z,6,5859,0,0.77,sp-container-ce0fdee4-389f-44bf-bf43-1ac389110f85-0,22.38,1408.00,27
2026-07-03T02:23:55Z,6,5859,0,0.77,sp-container-f2b831ae-3c65-41f0-b7d6-83e19b033856-0,26.48,1845.25,27
2026-07-03T02:24:01Z,6,5853,0,0.71,cgv-shinyproxy,0.90,582.10,126
2026-07-03T02:24:01Z,6,5853,0,0.71,cgv-nginx,0.00,7.07,9
2026-07-03T02:24:01Z,6,5853,0,0.71,sp-container-2a45ead0-c15e-454f-b248-312bfd2d53bc-0,4.61,1324.03,27
2026-07-03T02:24:01Z,6,5853,0,0.71,sp-container-9544bc9c-f87d-4521-ace5-4a64d9c22d4b-0,27.37,1555.46,27
2026-07-03T02:24:01Z,6,5853,0,0.71,sp-container-1957f8fc-9e10-4b6d-9f85-01701c7ecbe0-0,37.18,2031.62,27
2026-07-03T02:24:01Z,6,5853,0,0.71,sp-container-853d36d1-b45e-42b5-9a2c-6d6dd615a008-0,9.98,424.50,27
2026-07-03T02:24:01Z,6,5853,0,0.71,sp-container-ce0fdee4-389f-44bf-bf43-1ac389110f85-0,21.89,1408.00,27
2026-07-03T02:24:01Z,6,5853,0,0.71,sp-container-f2b831ae-3c65-41f0-b7d6-83e19b033856-0,25.92,1845.25,27
2026-07-03T02:24:06Z,6,5852,0,0.65,cgv-shinyproxy,0.91,583.70,127
2026-07-03T02:24:06Z,6,5852,0,0.65,cgv-nginx,0.01,7.08,9
2026-07-03T02:24:06Z,6,5852,0,0.65,sp-container-2a45ead0-c15e-454f-b248-312bfd2d53bc-0,4.58,1324.03,27
2026-07-03T02:24:06Z,6,5852,0,0.65,sp-container-9544bc9c-f87d-4521-ace5-4a64d9c22d4b-0,26.79,1555.46,27
2026-07-03T02:24:06Z,6,5852,0,0.65,sp-container-1957f8fc-9e10-4b6d-9f85-01701c7ecbe0-0,36.38,2031.62,27
2026-07-03T02:24:06Z,6,5852,0,0.65,sp-container-853d36d1-b45e-42b5-9a2c-6d6dd615a008-0,9.77,424.50,27
2026-07-03T02:24:06Z,6,5852,0,0.65,sp-container-ce0fdee4-389f-44bf-bf43-1ac389110f85-0,21.43,1408.00,27
2026-07-03T02:24:06Z,6,5852,0,0.65,sp-container-f2b831ae-3c65-41f0-b7d6-83e19b033856-0,25.37,1845.25,27
2026-07-03T02:24:12Z,6,5849,0,0.60,cgv-shinyproxy,0.91,583.70,127
2026-07-03T02:24:12Z,6,5849,0,0.60,cgv-nginx,0.01,7.08,9
2026-07-03T02:24:12Z,6,5849,0,0.60,sp-container-2a45ead0-c15e-454f-b248-312bfd2d53bc-0,4.56,1324.03,27
2026-07-03T02:24:12Z,6,5849,0,0.60,sp-container-9544bc9c-f87d-4521-ace5-4a64d9c22d4b-0,26.21,1555.46,27
2026-07-03T02:24:12Z,6,5849,0,0.60,sp-container-1957f8fc-9e10-4b6d-9f85-01701c7ecbe0-0,35.59,2031.62,27
2026-07-03T02:24:12Z,6,5849,0,0.60,sp-container-853d36d1-b45e-42b5-9a2c-6d6dd615a008-0,9.56,424.50,27
2026-07-03T02:24:12Z,6,5849,0,0.60,sp-container-ce0fdee4-389f-44bf-bf43-1ac389110f85-0,20.96,1408.00,27
2026-07-03T02:24:12Z,6,5849,0,0.60,sp-container-f2b831ae-3c65-41f0-b7d6-83e19b033856-0,24.81,1845.25,27
2026-07-03T02:24:18Z,6,5849,0,0.55,cgv-shinyproxy,0.91,583.70,127
2026-07-03T02:24:18Z,6,5849,0,0.55,cgv-nginx,0.01,7.08,9
2026-07-03T02:24:18Z,6,5849,0,0.55,sp-container-2a45ead0-c15e-454f-b248-312bfd2d53bc-0,4.54,1324.03,27
2026-07-03T02:24:18Z,6,5849,0,0.55,sp-container-9544bc9c-f87d-4521-ace5-4a64d9c22d4b-0,25.68,1555.46,27
2026-07-03T02:24:18Z,6,5849,0,0.55,sp-container-1957f8fc-9e10-4b6d-9f85-01701c7ecbe0-0,34.86,2031.62,27
2026-07-03T02:24:18Z,6,5849,0,0.55,sp-container-853d36d1-b45e-42b5-9a2c-6d6dd615a008-0,9.37,424.50,27
2026-07-03T02:24:18Z,6,5849,0,0.55,sp-container-ce0fdee4-389f-44bf-bf43-1ac389110f85-0,20.53,1408.00,27
2026-07-03T02:24:18Z,6,5849,0,0.55,sp-container-f2b831ae-3c65-41f0-b7d6-83e19b033856-0,24.31,1845.25,27
2026-07-03T02:24:23Z,6,5856,0,0.51,cgv-shinyproxy,0.91,583.70,127
2026-07-03T02:24:23Z,6,5856,0,0.51,cgv-nginx,0.01,7.08,9
2026-07-03T02:24:23Z,6,5856,0,0.51,sp-container-2a45ead0-c15e-454f-b248-312bfd2d53bc-0,4.52,1324.03,27
2026-07-03T02:24:23Z,6,5856,0,0.51,sp-container-9544bc9c-f87d-4521-ace5-4a64d9c22d4b-0,25.17,1555.46,27
2026-07-03T02:24:23Z,6,5856,0,0.51,sp-container-1957f8fc-9e10-4b6d-9f85-01701c7ecbe0-0,34.18,2031.62,27
2026-07-03T02:24:23Z,6,5856,0,0.51,sp-container-853d36d1-b45e-42b5-9a2c-6d6dd615a008-0,9.18,424.50,27
2026-07-03T02:24:23Z,6,5856,0,0.51,sp-container-ce0fdee4-389f-44bf-bf43-1ac389110f85-0,20.12,1408.00,27
2026-07-03T02:24:23Z,6,5856,0,0.51,sp-container-f2b831ae-3c65-41f0-b7d6-83e19b033856-0,23.82,1845.25,27
2026-07-03T02:24:29Z,6,5836,0,0.50,cgv-shinyproxy,0.91,583.70,127
2026-07-03T02:24:29Z,6,5836,0,0.50,cgv-nginx,0.01,7.08,9
2026-07-03T02:24:29Z,6,5836,0,0.50,sp-container-2a45ead0-c15e-454f-b248-312bfd2d53bc-0,4.50,1324.03,27
2026-07-03T02:24:29Z,6,5836,0,0.50,sp-container-9544bc9c-f87d-4521-ace5-4a64d9c22d4b-0,24.68,1555.46,27
2026-07-03T02:24:29Z,6,5836,0,0.50,sp-container-1957f8fc-9e10-4b6d-9f85-01701c7ecbe0-0,33.52,2031.62,27
2026-07-03T02:24:29Z,6,5836,0,0.50,sp-container-853d36d1-b45e-42b5-9a2c-6d6dd615a008-0,9.01,424.50,27
2026-07-03T02:24:29Z,6,5836,0,0.50,sp-container-ce0fdee4-389f-44bf-bf43-1ac389110f85-0,19.75,1408.00,27
2026-07-03T02:24:29Z,6,5836,0,0.50,sp-container-f2b831ae-3c65-41f0-b7d6-83e19b033856-0,23.36,1845.25,27
2026-07-03T02:24:34Z,6,5832,0,0.46,cgv-shinyproxy,0.91,583.70,127
2026-07-03T02:24:34Z,6,5832,0,0.46,cgv-nginx,0.01,7.08,9
2026-07-03T02:24:34Z,6,5832,0,0.46,sp-container-2a45ead0-c15e-454f-b248-312bfd2d53bc-0,4.48,1324.03,27
2026-07-03T02:24:34Z,6,5832,0,0.46,sp-container-9544bc9c-f87d-4521-ace5-4a64d9c22d4b-0,24.22,1555.46,27
2026-07-03T02:24:34Z,6,5832,0,0.46,sp-container-1957f8fc-9e10-4b6d-9f85-01701c7ecbe0-0,32.89,2031.62,27
2026-07-03T02:24:34Z,6,5832,0,0.46,sp-container-853d36d1-b45e-42b5-9a2c-6d6dd615a008-0,8.84,424.50,27
2026-07-03T02:24:34Z,6,5832,0,0.46,sp-container-ce0fdee4-389f-44bf-bf43-1ac389110f85-0,19.38,1408.00,27
2026-07-03T02:24:34Z,6,5832,0,0.46,sp-container-f2b831ae-3c65-41f0-b7d6-83e19b033856-0,22.92,1845.25,27
2026-07-03T02:24:40Z,6,5838,0,0.43,cgv-shinyproxy,0.91,583.70,127
2026-07-03T02:24:40Z,6,5838,0,0.43,cgv-nginx,0.01,7.08,9
2026-07-03T02:24:40Z,6,5838,0,0.43,sp-container-2a45ead0-c15e-454f-b248-312bfd2d53bc-0,4.45,1324.03,27
2026-07-03T02:24:40Z,6,5838,0,0.43,sp-container-9544bc9c-f87d-4521-ace5-4a64d9c22d4b-0,23.76,1555.46,27
2026-07-03T02:24:40Z,6,5838,0,0.43,sp-container-1957f8fc-9e10-4b6d-9f85-01701c7ecbe0-0,32.27,2031.62,27
2026-07-03T02:24:40Z,6,5838,0,0.43,sp-container-853d36d1-b45e-42b5-9a2c-6d6dd615a008-0,8.67,424.50,27
2026-07-03T02:24:40Z,6,5838,0,0.43,sp-container-ce0fdee4-389f-44bf-bf43-1ac389110f85-0,19.01,1408.00,27
2026-07-03T02:24:40Z,6,5838,0,0.43,sp-container-f2b831ae-3c65-41f0-b7d6-83e19b033856-0,22.49,1845.25,27
2026-07-03T02:24:46Z,6,5838,0,0.39,cgv-shinyproxy,0.90,583.70,127
2026-07-03T02:24:46Z,6,5838,0,0.39,cgv-nginx,0.01,7.08,9
2026-07-03T02:24:46Z,6,5838,0,0.39,sp-container-2a45ead0-c15e-454f-b248-312bfd2d53bc-0,4.43,1324.03,27
2026-07-03T02:24:46Z,6,5838,0,0.39,sp-container-9544bc9c-f87d-4521-ace5-4a64d9c22d4b-0,23.32,1555.46,27
2026-07-03T02:24:46Z,6,5838,0,0.39,sp-container-1957f8fc-9e10-4b6d-9f85-01701c7ecbe0-0,31.67,2031.62,27
2026-07-03T02:24:46Z,6,5838,0,0.39,sp-container-853d36d1-b45e-42b5-9a2c-6d6dd615a008-0,8.51,424.50,27
2026-07-03T02:24:46Z,6,5838,0,0.39,sp-container-ce0fdee4-389f-44bf-bf43-1ac389110f85-0,18.66,1408.00,27
2026-07-03T02:24:46Z,6,5838,0,0.39,sp-container-f2b831ae-3c65-41f0-b7d6-83e19b033856-0,22.07,1845.25,27
2026-07-03T02:24:51Z,6,5847,0,0.36,cgv-shinyproxy,0.90,583.70,127
2026-07-03T02:24:51Z,6,5847,0,0.36,cgv-nginx,0.01,7.08,9
2026-07-03T02:24:51Z,6,5847,0,0.36,sp-container-2a45ead0-c15e-454f-b248-312bfd2d53bc-0,4.41,1324.03,27
2026-07-03T02:24:51Z,6,5847,0,0.36,sp-container-9544bc9c-f87d-4521-ace5-4a64d9c22d4b-0,22.90,1555.46,27
2026-07-03T02:24:51Z,6,5847,0,0.36,sp-container-1957f8fc-9e10-4b6d-9f85-01701c7ecbe0-0,31.10,2031.62,27
2026-07-03T02:24:51Z,6,5847,0,0.36,sp-container-853d36d1-b45e-42b5-9a2c-6d6dd615a008-0,8.36,424.50,27
2026-07-03T02:24:51Z,6,5847,0,0.36,sp-container-ce0fdee4-389f-44bf-bf43-1ac389110f85-0,18.32,1408.00,27
2026-07-03T02:24:51Z,6,5847,0,0.36,sp-container-f2b831ae-3c65-41f0-b7d6-83e19b033856-0,21.68,1845.25,27
2026-07-03T02:24:57Z,6,5851,0,0.33,cgv-shinyproxy,0.90,583.70,127
2026-07-03T02:24:57Z,6,5851,0,0.33,cgv-nginx,0.01,7.08,9
2026-07-03T02:24:57Z,6,5851,0,0.33,sp-container-2a45ead0-c15e-454f-b248-312bfd2d53bc-0,4.39,1324.03,27
2026-07-03T02:24:57Z,6,5851,0,0.33,sp-container-9544bc9c-f87d-4521-ace5-4a64d9c22d4b-0,22.50,1555.46,27
2026-07-03T02:24:57Z,6,5851,0,0.33,sp-container-1957f8fc-9e10-4b6d-9f85-01701c7ecbe0-0,30.54,2031.62,27
2026-07-03T02:24:57Z,6,5851,0,0.33,sp-container-853d36d1-b45e-42b5-9a2c-6d6dd615a008-0,8.21,424.50,27
2026-07-03T02:24:57Z,6,5851,0,0.33,sp-container-ce0fdee4-389f-44bf-bf43-1ac389110f85-0,18.00,1408.00,27
2026-07-03T02:24:57Z,6,5851,0,0.33,sp-container-f2b831ae-3c65-41f0-b7d6-83e19b033856-0,21.29,1845.25,27
2026-07-03T02:25:02Z,6,5840,0,0.30,cgv-shinyproxy,0.90,583.70,127
2026-07-03T02:25:02Z,6,5840,0,0.30,cgv-nginx,0.01,7.08,9
2026-07-03T02:25:02Z,6,5840,0,0.30,sp-container-2a45ead0-c15e-454f-b248-312bfd2d53bc-0,4.37,1324.03,27
2026-07-03T02:25:02Z,6,5840,0,0.30,sp-container-9544bc9c-f87d-4521-ace5-4a64d9c22d4b-0,22.10,1555.46,27
2026-07-03T02:25:02Z,6,5840,0,0.30,sp-container-1957f8fc-9e10-4b6d-9f85-01701c7ecbe0-0,30.01,2031.62,27
2026-07-03T02:25:02Z,6,5840,0,0.30,sp-container-853d36d1-b45e-42b5-9a2c-6d6dd615a008-0,8.07,424.50,27
2026-07-03T02:25:02Z,6,5840,0,0.30,sp-container-ce0fdee4-389f-44bf-bf43-1ac389110f85-0,17.68,1408.00,27
2026-07-03T02:25:02Z,6,5840,0,0.30,sp-container-f2b831ae-3c65-41f0-b7d6-83e19b033856-0,20.93,1845.25,27
2026-07-03T02:25:08Z,6,5850,0,0.28,cgv-shinyproxy,0.90,583.70,126
2026-07-03T02:25:08Z,6,5850,0,0.28,cgv-nginx,0.01,7.08,9
2026-07-03T02:25:08Z,6,5850,0,0.28,sp-container-2a45ead0-c15e-454f-b248-312bfd2d53bc-0,4.35,1324.03,27
2026-07-03T02:25:08Z,6,5850,0,0.28,sp-container-9544bc9c-f87d-4521-ace5-4a64d9c22d4b-0,21.72,1555.46,27
2026-07-03T02:25:08Z,6,5850,0,0.28,sp-container-1957f8fc-9e10-4b6d-9f85-01701c7ecbe0-0,29.49,2031.62,27
2026-07-03T02:25:08Z,6,5850,0,0.28,sp-container-853d36d1-b45e-42b5-9a2c-6d6dd615a008-0,7.94,424.50,27
2026-07-03T02:25:08Z,6,5850,0,0.28,sp-container-ce0fdee4-389f-44bf-bf43-1ac389110f85-0,17.38,1408.00,27
2026-07-03T02:25:08Z,6,5850,0,0.28,sp-container-f2b831ae-3c65-41f0-b7d6-83e19b033856-0,20.57,1845.25,27
2026-07-03T02:25:14Z,6,5851,0,0.24,cgv-shinyproxy,0.90,583.70,126
2026-07-03T02:25:14Z,6,5851,0,0.24,cgv-nginx,0.01,7.08,9
2026-07-03T02:25:14Z,6,5851,0,0.24,sp-container-2a45ead0-c15e-454f-b248-312bfd2d53bc-0,4.33,1324.03,27
2026-07-03T02:25:14Z,6,5851,0,0.24,sp-container-9544bc9c-f87d-4521-ace5-4a64d9c22d4b-0,21.37,1555.46,27
2026-07-03T02:25:14Z,6,5851,0,0.24,sp-container-1957f8fc-9e10-4b6d-9f85-01701c7ecbe0-0,28.99,2031.62,27
2026-07-03T02:25:14Z,6,5851,0,0.24,sp-container-853d36d1-b45e-42b5-9a2c-6d6dd615a008-0,7.80,424.50,27
2026-07-03T02:25:14Z,6,5851,0,0.24,sp-container-ce0fdee4-389f-44bf-bf43-1ac389110f85-0,17.09,1408.00,27
2026-07-03T02:25:14Z,6,5851,0,0.24,sp-container-f2b831ae-3c65-41f0-b7d6-83e19b033856-0,20.22,1845.25,27
2026-07-03T02:25:19Z,6,5854,0,0.22,cgv-shinyproxy,0.90,583.70,126
2026-07-03T02:25:19Z,6,5854,0,0.22,cgv-nginx,0.01,7.08,9
2026-07-03T02:25:19Z,6,5854,0,0.22,sp-container-2a45ead0-c15e-454f-b248-312bfd2d53bc-0,4.31,1324.03,27
2026-07-03T02:25:19Z,6,5854,0,0.22,sp-container-9544bc9c-f87d-4521-ace5-4a64d9c22d4b-0,21.01,1555.46,27
2026-07-03T02:25:19Z,6,5854,0,0.22,sp-container-1957f8fc-9e10-4b6d-9f85-01701c7ecbe0-0,28.51,2031.62,27
2026-07-03T02:25:19Z,6,5854,0,0.22,sp-container-853d36d1-b45e-42b5-9a2c-6d6dd615a008-0,7.67,424.50,27
2026-07-03T02:25:19Z,6,5854,0,0.22,sp-container-ce0fdee4-389f-44bf-bf43-1ac389110f85-0,16.80,1408.00,27
2026-07-03T02:25:19Z,6,5854,0,0.22,sp-container-f2b831ae-3c65-41f0-b7d6-83e19b033856-0,19.88,1845.25,27
2026-07-03T02:25:25Z,6,5844,0,0.20,cgv-shinyproxy,0.90,583.70,126
2026-07-03T02:25:25Z,6,5844,0,0.20,cgv-nginx,0.01,7.08,9
2026-07-03T02:25:25Z,6,5844,0,0.20,sp-container-2a45ead0-c15e-454f-b248-312bfd2d53bc-0,4.29,1324.03,27
2026-07-03T02:25:25Z,6,5844,0,0.20,sp-container-9544bc9c-f87d-4521-ace5-4a64d9c22d4b-0,20.67,1555.46,27
2026-07-03T02:25:25Z,6,5844,0,0.20,sp-container-1957f8fc-9e10-4b6d-9f85-01701c7ecbe0-0,28.04,2031.62,27
2026-07-03T02:25:25Z,6,5844,0,0.20,sp-container-853d36d1-b45e-42b5-9a2c-6d6dd615a008-0,7.55,424.50,27
2026-07-03T02:25:25Z,6,5844,0,0.20,sp-container-ce0fdee4-389f-44bf-bf43-1ac389110f85-0,16.53,1408.00,27
2026-07-03T02:25:25Z,6,5844,0,0.20,sp-container-f2b831ae-3c65-41f0-b7d6-83e19b033856-0,19.56,1845.25,27
2026-07-03T02:25:30Z,6,5857,0,0.18,cgv-shinyproxy,0.90,583.70,126
2026-07-03T02:25:30Z,6,5857,0,0.18,cgv-nginx,0.01,7.08,9
2026-07-03T02:25:30Z,6,5857,0,0.18,sp-container-2a45ead0-c15e-454f-b248-312bfd2d53bc-0,4.27,1324.03,27
2026-07-03T02:25:30Z,6,5857,0,0.18,sp-container-9544bc9c-f87d-4521-ace5-4a64d9c22d4b-0,20.33,1555.46,27
2026-07-03T02:25:30Z,6,5857,0,0.18,sp-container-1957f8fc-9e10-4b6d-9f85-01701c7ecbe0-0,27.59,2031.62,27
2026-07-03T02:25:30Z,6,5857,0,0.18,sp-container-853d36d1-b45e-42b5-9a2c-6d6dd615a008-0,7.43,424.50,27
2026-07-03T02:25:30Z,6,5857,0,0.18,sp-container-ce0fdee4-389f-44bf-bf43-1ac389110f85-0,16.26,1408.00,27
2026-07-03T02:25:30Z,6,5857,0,0.18,sp-container-f2b831ae-3c65-41f0-b7d6-83e19b033856-0,19.24,1845.25,27
2026-07-03T02:25:36Z,6,5842,0,0.17,cgv-shinyproxy,0.90,583.70,126
2026-07-03T02:25:36Z,6,5842,0,0.17,cgv-nginx,0.01,7.08,9
2026-07-03T02:25:36Z,6,5842,0,0.17,sp-container-2a45ead0-c15e-454f-b248-312bfd2d53bc-0,4.25,1324.03,27
2026-07-03T02:25:36Z,6,5842,0,0.17,sp-container-9544bc9c-f87d-4521-ace5-4a64d9c22d4b-0,20.02,1555.46,27
2026-07-03T02:25:36Z,6,5842,0,0.17,sp-container-1957f8fc-9e10-4b6d-9f85-01701c7ecbe0-0,27.17,2031.62,27
2026-07-03T02:25:36Z,6,5842,0,0.17,sp-container-853d36d1-b45e-42b5-9a2c-6d6dd615a008-0,7.31,424.50,27
2026-07-03T02:25:36Z,6,5842,0,0.17,sp-container-ce0fdee4-389f-44bf-bf43-1ac389110f85-0,16.01,1408.00,27
2026-07-03T02:25:36Z,6,5842,0,0.17,sp-container-f2b831ae-3c65-41f0-b7d6-83e19b033856-0,18.94,1845.25,27
2026-07-03T02:25:42Z,6,5844,0,0.15,cgv-shinyproxy,0.90,583.70,126
2026-07-03T02:25:42Z,6,5844,0,0.15,cgv-nginx,0.01,7.08,9
2026-07-03T02:25:42Z,6,5844,0,0.15,sp-container-2a45ead0-c15e-454f-b248-312bfd2d53bc-0,4.24,1324.03,27
2026-07-03T02:25:42Z,6,5844,0,0.15,sp-container-9544bc9c-f87d-4521-ace5-4a64d9c22d4b-0,19.71,1555.46,27
2026-07-03T02:25:42Z,6,5844,0,0.15,sp-container-1957f8fc-9e10-4b6d-9f85-01701c7ecbe0-0,26.74,2031.62,27
2026-07-03T02:25:42Z,6,5844,0,0.15,sp-container-853d36d1-b45e-42b5-9a2c-6d6dd615a008-0,7.20,424.50,27
2026-07-03T02:25:42Z,6,5844,0,0.15,sp-container-ce0fdee4-389f-44bf-bf43-1ac389110f85-0,15.76,1408.00,27
2026-07-03T02:25:42Z,6,5844,0,0.15,sp-container-f2b831ae-3c65-41f0-b7d6-83e19b033856-0,18.65,1845.25,27
2026-07-03T02:25:47Z,6,5841,0,0.14,cgv-shinyproxy,0.90,583.70,126
2026-07-03T02:25:47Z,6,5841,0,0.14,cgv-nginx,0.01,7.08,9
2026-07-03T02:25:47Z,6,5841,0,0.14,sp-container-2a45ead0-c15e-454f-b248-312bfd2d53bc-0,4.22,1324.03,27
2026-07-03T02:25:47Z,6,5841,0,0.14,sp-container-9544bc9c-f87d-4521-ace5-4a64d9c22d4b-0,19.40,1555.46,27
2026-07-03T02:25:47Z,6,5841,0,0.14,sp-container-1957f8fc-9e10-4b6d-9f85-01701c7ecbe0-0,26.33,2031.62,27
2026-07-03T02:25:47Z,6,5841,0,0.14,sp-container-853d36d1-b45e-42b5-9a2c-6d6dd615a008-0,7.09,424.50,27
2026-07-03T02:25:47Z,6,5841,0,0.14,sp-container-ce0fdee4-389f-44bf-bf43-1ac389110f85-0,15.52,1408.00,27
2026-07-03T02:25:47Z,6,5841,0,0.14,sp-container-f2b831ae-3c65-41f0-b7d6-83e19b033856-0,18.36,1845.25,27
2026-07-03T02:25:53Z,6,5852,0,0.13,cgv-shinyproxy,0.90,583.80,126
2026-07-03T02:25:53Z,6,5852,0,0.13,cgv-nginx,0.01,7.08,9
2026-07-03T02:25:53Z,6,5852,0,0.13,sp-container-2a45ead0-c15e-454f-b248-312bfd2d53bc-0,4.20,1324.03,27
2026-07-03T02:25:53Z,6,5852,0,0.13,sp-container-9544bc9c-f87d-4521-ace5-4a64d9c22d4b-0,19.11,1555.46,27
2026-07-03T02:25:53Z,6,5852,0,0.13,sp-container-1957f8fc-9e10-4b6d-9f85-01701c7ecbe0-0,25.93,2031.62,27
2026-07-03T02:25:53Z,6,5852,0,0.13,sp-container-853d36d1-b45e-42b5-9a2c-6d6dd615a008-0,6.99,424.50,27
2026-07-03T02:25:53Z,6,5852,0,0.13,sp-container-ce0fdee4-389f-44bf-bf43-1ac389110f85-0,15.28,1408.00,27
2026-07-03T02:25:53Z,6,5852,0,0.13,sp-container-f2b831ae-3c65-41f0-b7d6-83e19b033856-0,18.08,1845.25,27
2026-07-03T02:25:58Z,6,5848,0,0.27,cgv-shinyproxy,0.91,584.10,127
2026-07-03T02:25:58Z,6,5848,0,0.27,cgv-nginx,0.01,7.08,9
2026-07-03T02:25:58Z,6,5848,0,0.27,sp-container-2a45ead0-c15e-454f-b248-312bfd2d53bc-0,4.18,1324.03,27
2026-07-03T02:25:58Z,6,5848,0,0.27,sp-container-9544bc9c-f87d-4521-ace5-4a64d9c22d4b-0,18.83,1555.46,27
2026-07-03T02:25:58Z,6,5848,0,0.27,sp-container-1957f8fc-9e10-4b6d-9f85-01701c7ecbe0-0,25.55,2031.62,27
2026-07-03T02:25:58Z,6,5848,0,0.27,sp-container-853d36d1-b45e-42b5-9a2c-6d6dd615a008-0,6.88,424.50,27
2026-07-03T02:25:58Z,6,5848,0,0.27,sp-container-ce0fdee4-389f-44bf-bf43-1ac389110f85-0,15.06,1408.00,27
2026-07-03T02:25:58Z,6,5848,0,0.27,sp-container-f2b831ae-3c65-41f0-b7d6-83e19b033856-0,17.81,1845.25,27
2026-07-03T02:26:04Z,6,5845,0,0.25,cgv-shinyproxy,0.91,584.10,127
2026-07-03T02:26:04Z,6,5845,0,0.25,cgv-nginx,0.01,7.08,9
2026-07-03T02:26:04Z,6,5845,0,0.25,sp-container-2a45ead0-c15e-454f-b248-312bfd2d53bc-0,4.16,1324.03,27
2026-07-03T02:26:04Z,6,5845,0,0.25,sp-container-9544bc9c-f87d-4521-ace5-4a64d9c22d4b-0,18.55,1555.46,27
2026-07-03T02:26:04Z,6,5845,0,0.25,sp-container-1957f8fc-9e10-4b6d-9f85-01701c7ecbe0-0,25.18,2031.62,27
2026-07-03T02:26:04Z,6,5845,0,0.25,sp-container-853d36d1-b45e-42b5-9a2c-6d6dd615a008-0,6.79,424.50,27
2026-07-03T02:26:04Z,6,5845,0,0.25,sp-container-ce0fdee4-389f-44bf-bf43-1ac389110f85-0,14.85,1408.00,27
2026-07-03T02:26:04Z,6,5845,0,0.25,sp-container-f2b831ae-3c65-41f0-b7d6-83e19b033856-0,17.57,1845.25,27
2026-07-03T02:26:10Z,6,5838,0,0.23,cgv-shinyproxy,0.91,584.10,127
2026-07-03T02:26:10Z,6,5838,0,0.23,cgv-nginx,0.01,7.08,9
2026-07-03T02:26:10Z,6,5838,0,0.23,sp-container-2a45ead0-c15e-454f-b248-312bfd2d53bc-0,4.14,1324.03,27
2026-07-03T02:26:10Z,6,5838,0,0.23,sp-container-9544bc9c-f87d-4521-ace5-4a64d9c22d4b-0,18.28,1555.46,27
2026-07-03T02:26:10Z,6,5838,0,0.23,sp-container-1957f8fc-9e10-4b6d-9f85-01701c7ecbe0-0,24.81,2031.62,27
2026-07-03T02:26:10Z,6,5838,0,0.23,sp-container-853d36d1-b45e-42b5-9a2c-6d6dd615a008-0,6.69,424.50,27
2026-07-03T02:26:10Z,6,5838,0,0.23,sp-container-ce0fdee4-389f-44bf-bf43-1ac389110f85-0,14.63,1408.00,27
2026-07-03T02:26:10Z,6,5838,0,0.23,sp-container-f2b831ae-3c65-41f0-b7d6-83e19b033856-0,17.31,1845.25,27
2026-07-03T02:26:15Z,6,5849,0,0.21,cgv-shinyproxy,0.91,584.10,127
2026-07-03T02:26:15Z,6,5849,0,0.21,cgv-nginx,0.01,7.08,9
2026-07-03T02:26:15Z,6,5849,0,0.21,sp-container-2a45ead0-c15e-454f-b248-312bfd2d53bc-0,4.12,1324.03,27
2026-07-03T02:26:15Z,6,5849,0,0.21,sp-container-9544bc9c-f87d-4521-ace5-4a64d9c22d4b-0,18.04,1555.46,27
2026-07-03T02:26:15Z,6,5849,0,0.21,sp-container-1957f8fc-9e10-4b6d-9f85-01701c7ecbe0-0,24.46,2031.62,27
2026-07-03T02:26:15Z,6,5849,0,0.21,sp-container-853d36d1-b45e-42b5-9a2c-6d6dd615a008-0,6.60,424.50,27
2026-07-03T02:26:15Z,6,5849,0,0.21,sp-container-ce0fdee4-389f-44bf-bf43-1ac389110f85-0,14.43,1408.00,27
2026-07-03T02:26:15Z,6,5849,0,0.21,sp-container-f2b831ae-3c65-41f0-b7d6-83e19b033856-0,17.07,1845.25,27
2026-07-03T02:26:21Z,6,5842,0,0.19,cgv-shinyproxy,0.91,584.10,127
2026-07-03T02:26:21Z,6,5842,0,0.19,cgv-nginx,0.01,7.08,9
2026-07-03T02:26:21Z,6,5842,0,0.19,sp-container-2a45ead0-c15e-454f-b248-312bfd2d53bc-0,4.11,1324.03,27
2026-07-03T02:26:21Z,6,5842,0,0.19,sp-container-9544bc9c-f87d-4521-ace5-4a64d9c22d4b-0,17.78,1555.46,27
2026-07-03T02:26:21Z,6,5842,0,0.19,sp-container-1957f8fc-9e10-4b6d-9f85-01701c7ecbe0-0,24.12,2031.62,27
2026-07-03T02:26:21Z,6,5842,0,0.19,sp-container-853d36d1-b45e-42b5-9a2c-6d6dd615a008-0,6.50,424.50,27
2026-07-03T02:26:21Z,6,5842,0,0.19,sp-container-ce0fdee4-389f-44bf-bf43-1ac389110f85-0,14.22,1408.00,27
2026-07-03T02:26:21Z,6,5842,0,0.19,sp-container-f2b831ae-3c65-41f0-b7d6-83e19b033856-0,16.83,1845.25,27
2026-07-03T02:26:26Z,6,5854,0,0.18,cgv-shinyproxy,0.91,584.10,127
2026-07-03T02:26:26Z,6,5854,0,0.18,cgv-nginx,0.01,7.08,9
2026-07-03T02:26:26Z,6,5854,0,0.18,sp-container-2a45ead0-c15e-454f-b248-312bfd2d53bc-0,4.09,1324.03,27
2026-07-03T02:26:26Z,6,5854,0,0.18,sp-container-9544bc9c-f87d-4521-ace5-4a64d9c22d4b-0,17.54,1555.46,27
2026-07-03T02:26:26Z,6,5854,0,0.18,sp-container-1957f8fc-9e10-4b6d-9f85-01701c7ecbe0-0,23.79,2031.62,27
2026-07-03T02:26:26Z,6,5854,0,0.18,sp-container-853d36d1-b45e-42b5-9a2c-6d6dd615a008-0,6.42,424.50,27
2026-07-03T02:26:26Z,6,5854,0,0.18,sp-container-ce0fdee4-389f-44bf-bf43-1ac389110f85-0,14.03,1408.00,27
2026-07-03T02:26:26Z,6,5854,0,0.18,sp-container-f2b831ae-3c65-41f0-b7d6-83e19b033856-0,16.60,1845.25,27
2026-07-03T02:26:32Z,6,5848,0,0.16,cgv-shinyproxy,0.91,584.10,127
2026-07-03T02:26:32Z,6,5848,0,0.16,cgv-nginx,0.01,7.08,9
2026-07-03T02:26:32Z,6,5848,0,0.16,sp-container-2a45ead0-c15e-454f-b248-312bfd2d53bc-0,4.07,1324.03,27
2026-07-03T02:26:32Z,6,5848,0,0.16,sp-container-9544bc9c-f87d-4521-ace5-4a64d9c22d4b-0,17.30,1555.46,27
2026-07-03T02:26:32Z,6,5848,0,0.16,sp-container-1957f8fc-9e10-4b6d-9f85-01701c7ecbe0-0,23.46,2031.62,27
2026-07-03T02:26:32Z,6,5848,0,0.16,sp-container-853d36d1-b45e-42b5-9a2c-6d6dd615a008-0,6.33,424.50,27
2026-07-03T02:26:32Z,6,5848,0,0.16,sp-container-ce0fdee4-389f-44bf-bf43-1ac389110f85-0,13.84,1408.00,27
2026-07-03T02:26:32Z,6,5848,0,0.16,sp-container-f2b831ae-3c65-41f0-b7d6-83e19b033856-0,16.37,1845.25,27
2026-07-03T02:26:37Z,6,5842,0,0.15,cgv-shinyproxy,0.91,584.10,127
2026-07-03T02:26:37Z,6,5842,0,0.15,cgv-nginx,0.01,7.08,9
2026-07-03T02:26:37Z,6,5842,0,0.15,sp-container-2a45ead0-c15e-454f-b248-312bfd2d53bc-0,4.05,1324.03,27
2026-07-03T02:26:37Z,6,5842,0,0.15,sp-container-9544bc9c-f87d-4521-ace5-4a64d9c22d4b-0,17.07,1555.46,27
2026-07-03T02:26:37Z,6,5842,0,0.15,sp-container-1957f8fc-9e10-4b6d-9f85-01701c7ecbe0-0,23.15,2031.62,27
2026-07-03T02:26:37Z,6,5842,0,0.15,sp-container-853d36d1-b45e-42b5-9a2c-6d6dd615a008-0,6.25,424.50,27
2026-07-03T02:26:37Z,6,5842,0,0.15,sp-container-ce0fdee4-389f-44bf-bf43-1ac389110f85-0,13.65,1408.00,27
2026-07-03T02:26:37Z,6,5842,0,0.15,sp-container-f2b831ae-3c65-41f0-b7d6-83e19b033856-0,16.15,1845.25,27
2026-07-03T02:26:43Z,6,5845,0,0.14,cgv-shinyproxy,0.91,584.20,127
2026-07-03T02:26:43Z,6,5845,0,0.14,cgv-nginx,0.01,7.08,9
2026-07-03T02:26:43Z,6,5845,0,0.14,sp-container-2a45ead0-c15e-454f-b248-312bfd2d53bc-0,4.04,1324.03,27
2026-07-03T02:26:43Z,6,5845,0,0.14,sp-container-9544bc9c-f87d-4521-ace5-4a64d9c22d4b-0,16.84,1555.46,27
2026-07-03T02:26:43Z,6,5845,0,0.14,sp-container-1957f8fc-9e10-4b6d-9f85-01701c7ecbe0-0,22.84,2031.62,27
2026-07-03T02:26:43Z,6,5845,0,0.14,sp-container-853d36d1-b45e-42b5-9a2c-6d6dd615a008-0,6.16,424.50,27
2026-07-03T02:26:43Z,6,5845,0,0.14,sp-container-ce0fdee4-389f-44bf-bf43-1ac389110f85-0,13.47,1408.00,27
2026-07-03T02:26:43Z,6,5845,0,0.14,sp-container-f2b831ae-3c65-41f0-b7d6-83e19b033856-0,15.94,1845.25,27
2026-07-03T02:26:49Z,6,5844,0,0.12,cgv-shinyproxy,0.91,584.20,127
2026-07-03T02:26:49Z,6,5844,0,0.12,cgv-nginx,0.01,7.08,9
2026-07-03T02:26:49Z,6,5844,0,0.12,sp-container-2a45ead0-c15e-454f-b248-312bfd2d53bc-0,4.02,1324.03,27
2026-07-03T02:26:49Z,6,5844,0,0.12,sp-container-9544bc9c-f87d-4521-ace5-4a64d9c22d4b-0,16.62,1555.46,27
2026-07-03T02:26:49Z,6,5844,0,0.12,sp-container-1957f8fc-9e10-4b6d-9f85-01701c7ecbe0-0,22.54,2031.62,27
2026-07-03T02:26:49Z,6,5844,0,0.12,sp-container-853d36d1-b45e-42b5-9a2c-6d6dd615a008-0,6.08,424.50,27
2026-07-03T02:26:49Z,6,5844,0,0.12,sp-container-ce0fdee4-389f-44bf-bf43-1ac389110f85-0,13.30,1408.00,27
2026-07-03T02:26:49Z,6,5844,0,0.12,sp-container-f2b831ae-3c65-41f0-b7d6-83e19b033856-0,15.73,1845.25,27
2026-07-03T02:26:54Z,6,5841,0,0.11,cgv-shinyproxy,0.91,584.20,127
2026-07-03T02:26:54Z,6,5841,0,0.11,cgv-nginx,0.01,7.08,9
2026-07-03T02:26:54Z,6,5841,0,0.11,sp-container-2a45ead0-c15e-454f-b248-312bfd2d53bc-0,4.00,1324.03,27
2026-07-03T02:26:54Z,6,5841,0,0.11,sp-container-9544bc9c-f87d-4521-ace5-4a64d9c22d4b-0,16.41,1555.46,27
2026-07-03T02:26:54Z,6,5841,0,0.11,sp-container-1957f8fc-9e10-4b6d-9f85-01701c7ecbe0-0,22.25,2031.62,27
2026-07-03T02:26:54Z,6,5841,0,0.11,sp-container-853d36d1-b45e-42b5-9a2c-6d6dd615a008-0,6.01,424.50,27
2026-07-03T02:26:54Z,6,5841,0,0.11,sp-container-ce0fdee4-389f-44bf-bf43-1ac389110f85-0,13.13,1408.00,27
2026-07-03T02:26:54Z,6,5841,0,0.11,sp-container-f2b831ae-3c65-41f0-b7d6-83e19b033856-0,15.53,1845.25,27
2026-07-03T02:27:00Z,6,5854,0,0.10,cgv-shinyproxy,0.91,584.10,126
2026-07-03T02:27:00Z,6,5854,0,0.10,cgv-nginx,0.01,7.08,9
2026-07-03T02:27:00Z,6,5854,0,0.10,sp-container-2a45ead0-c15e-454f-b248-312bfd2d53bc-0,3.99,1324.03,27
2026-07-03T02:27:00Z,6,5854,0,0.10,sp-container-9544bc9c-f87d-4521-ace5-4a64d9c22d4b-0,16.20,1555.46,27
2026-07-03T02:27:00Z,6,5854,0,0.10,sp-container-1957f8fc-9e10-4b6d-9f85-01701c7ecbe0-0,21.97,2031.62,27
2026-07-03T02:27:00Z,6,5854,0,0.10,sp-container-853d36d1-b45e-42b5-9a2c-6d6dd615a008-0,5.93,424.50,27
2026-07-03T02:27:00Z,6,5854,0,0.10,sp-container-ce0fdee4-389f-44bf-bf43-1ac389110f85-0,12.96,1408.00,27
2026-07-03T02:27:00Z,6,5854,0,0.10,sp-container-f2b831ae-3c65-41f0-b7d6-83e19b033856-0,15.34,1845.25,27
2026-07-03T02:27:06Z,6,5848,0,0.09,cgv-shinyproxy,0.91,584.10,126
2026-07-03T02:27:06Z,6,5848,0,0.09,cgv-nginx,0.01,7.08,9
2026-07-03T02:27:06Z,6,5848,0,0.09,sp-container-2a45ead0-c15e-454f-b248-312bfd2d53bc-0,3.97,1324.03,27
2026-07-03T02:27:06Z,6,5848,0,0.09,sp-container-9544bc9c-f87d-4521-ace5-4a64d9c22d4b-0,16.00,1555.46,27
2026-07-03T02:27:06Z,6,5848,0,0.09,sp-container-1957f8fc-9e10-4b6d-9f85-01701c7ecbe0-0,21.70,2031.62,27
2026-07-03T02:27:06Z,6,5848,0,0.09,sp-container-853d36d1-b45e-42b5-9a2c-6d6dd615a008-0,5.86,424.50,27
2026-07-03T02:27:06Z,6,5848,0,0.09,sp-container-ce0fdee4-389f-44bf-bf43-1ac389110f85-0,12.80,1408.00,27
2026-07-03T02:27:06Z,6,5848,0,0.09,sp-container-f2b831ae-3c65-41f0-b7d6-83e19b033856-0,15.14,1845.25,27
2026-07-03T02:27:11Z,6,5859,0,0.08,cgv-shinyproxy,0.91,584.10,126
2026-07-03T02:27:11Z,6,5859,0,0.08,cgv-nginx,0.01,7.08,9
2026-07-03T02:27:11Z,6,5859,0,0.08,sp-container-2a45ead0-c15e-454f-b248-312bfd2d53bc-0,3.95,1324.03,27
2026-07-03T02:27:11Z,6,5859,0,0.08,sp-container-9544bc9c-f87d-4521-ace5-4a64d9c22d4b-0,15.80,1555.46,27
2026-07-03T02:27:11Z,6,5859,0,0.08,sp-container-1957f8fc-9e10-4b6d-9f85-01701c7ecbe0-0,21.43,2031.62,27
2026-07-03T02:27:11Z,6,5859,0,0.08,sp-container-853d36d1-b45e-42b5-9a2c-6d6dd615a008-0,5.79,424.50,27
2026-07-03T02:27:11Z,6,5859,0,0.08,sp-container-ce0fdee4-389f-44bf-bf43-1ac389110f85-0,12.64,1408.00,27
2026-07-03T02:27:11Z,6,5859,0,0.08,sp-container-f2b831ae-3c65-41f0-b7d6-83e19b033856-0,14.95,1845.25,27
2026-07-03T02:27:17Z,6,5858,0,0.08,cgv-shinyproxy,0.90,584.10,126
2026-07-03T02:27:17Z,6,5858,0,0.08,cgv-nginx,0.01,7.08,9
2026-07-03T02:27:17Z,6,5858,0,0.08,sp-container-2a45ead0-c15e-454f-b248-312bfd2d53bc-0,3.94,1324.03,27
2026-07-03T02:27:17Z,6,5858,0,0.08,sp-container-9544bc9c-f87d-4521-ace5-4a64d9c22d4b-0,15.61,1555.46,27
2026-07-03T02:27:17Z,6,5858,0,0.08,sp-container-1957f8fc-9e10-4b6d-9f85-01701c7ecbe0-0,21.16,2031.62,27
2026-07-03T02:27:17Z,6,5858,0,0.08,sp-container-853d36d1-b45e-42b5-9a2c-6d6dd615a008-0,5.72,424.50,27
2026-07-03T02:27:17Z,6,5858,0,0.08,sp-container-ce0fdee4-389f-44bf-bf43-1ac389110f85-0,12.48,1408.00,27
2026-07-03T02:27:17Z,6,5858,0,0.08,sp-container-f2b831ae-3c65-41f0-b7d6-83e19b033856-0,14.77,1845.25,27
2026-07-03T02:27:22Z,6,5851,0,0.07,cgv-shinyproxy,0.90,584.10,126
2026-07-03T02:27:22Z,6,5851,0,0.07,cgv-nginx,0.01,7.08,9
2026-07-03T02:27:22Z,6,5851,0,0.07,sp-container-2a45ead0-c15e-454f-b248-312bfd2d53bc-0,3.92,1324.03,27
2026-07-03T02:27:22Z,6,5851,0,0.07,sp-container-9544bc9c-f87d-4521-ace5-4a64d9c22d4b-0,15.42,1555.46,27
2026-07-03T02:27:22Z,6,5851,0,0.07,sp-container-1957f8fc-9e10-4b6d-9f85-01701c7ecbe0-0,20.90,2031.62,27
2026-07-03T02:27:22Z,6,5851,0,0.07,sp-container-853d36d1-b45e-42b5-9a2c-6d6dd615a008-0,5.65,424.50,27
2026-07-03T02:27:22Z,6,5851,0,0.07,sp-container-ce0fdee4-389f-44bf-bf43-1ac389110f85-0,12.33,1408.00,27
2026-07-03T02:27:22Z,6,5851,0,0.07,sp-container-f2b831ae-3c65-41f0-b7d6-83e19b033856-0,14.59,1845.25,27
2026-07-03T02:27:28Z,6,5857,0,0.06,cgv-shinyproxy,0.90,584.10,126
2026-07-03T02:27:28Z,6,5857,0,0.06,cgv-nginx,0.01,7.08,9
2026-07-03T02:27:28Z,6,5857,0,0.06,sp-container-2a45ead0-c15e-454f-b248-312bfd2d53bc-0,3.90,1324.03,27
2026-07-03T02:27:28Z,6,5857,0,0.06,sp-container-9544bc9c-f87d-4521-ace5-4a64d9c22d4b-0,15.24,1555.46,27
2026-07-03T02:27:28Z,6,5857,0,0.06,sp-container-1957f8fc-9e10-4b6d-9f85-01701c7ecbe0-0,20.65,2031.62,27
2026-07-03T02:27:28Z,6,5857,0,0.06,sp-container-853d36d1-b45e-42b5-9a2c-6d6dd615a008-0,5.58,424.50,27
2026-07-03T02:27:28Z,6,5857,0,0.06,sp-container-ce0fdee4-389f-44bf-bf43-1ac389110f85-0,12.19,1408.00,27
2026-07-03T02:27:28Z,6,5857,0,0.06,sp-container-f2b831ae-3c65-41f0-b7d6-83e19b033856-0,14.42,1845.25,27
2026-07-03T02:27:34Z,6,5850,0,0.13,cgv-shinyproxy,0.90,584.10,126
2026-07-03T02:27:34Z,6,5850,0,0.13,cgv-nginx,0.01,7.08,9
2026-07-03T02:27:34Z,6,5850,0,0.13,sp-container-2a45ead0-c15e-454f-b248-312bfd2d53bc-0,3.89,1324.03,27
2026-07-03T02:27:34Z,6,5850,0,0.13,sp-container-9544bc9c-f87d-4521-ace5-4a64d9c22d4b-0,15.06,1555.46,27
2026-07-03T02:27:34Z,6,5850,0,0.13,sp-container-1957f8fc-9e10-4b6d-9f85-01701c7ecbe0-0,20.41,2031.62,27
2026-07-03T02:27:34Z,6,5850,0,0.13,sp-container-853d36d1-b45e-42b5-9a2c-6d6dd615a008-0,5.52,424.50,27
2026-07-03T02:27:34Z,6,5850,0,0.13,sp-container-ce0fdee4-389f-44bf-bf43-1ac389110f85-0,12.05,1408.00,27
2026-07-03T02:27:34Z,6,5850,0,0.13,sp-container-f2b831ae-3c65-41f0-b7d6-83e19b033856-0,14.25,1845.25,27
2026-07-03T02:27:39Z,6,5851,0,0.12,cgv-shinyproxy,0.90,584.10,126
2026-07-03T02:27:39Z,6,5851,0,0.12,cgv-nginx,0.01,7.08,9
2026-07-03T02:27:39Z,6,5851,0,0.12,sp-container-2a45ead0-c15e-454f-b248-312bfd2d53bc-0,3.87,1324.03,27
2026-07-03T02:27:39Z,6,5851,0,0.12,sp-container-9544bc9c-f87d-4521-ace5-4a64d9c22d4b-0,14.88,1555.46,27
2026-07-03T02:27:39Z,6,5851,0,0.12,sp-container-1957f8fc-9e10-4b6d-9f85-01701c7ecbe0-0,20.17,2031.62,27
2026-07-03T02:27:39Z,6,5851,0,0.12,sp-container-853d36d1-b45e-42b5-9a2c-6d6dd615a008-0,5.45,424.50,27
2026-07-03T02:27:39Z,6,5851,0,0.12,sp-container-ce0fdee4-389f-44bf-bf43-1ac389110f85-0,11.91,1408.00,27
2026-07-03T02:27:39Z,6,5851,0,0.12,sp-container-f2b831ae-3c65-41f0-b7d6-83e19b033856-0,14.08,1845.25,27
2026-07-03T02:27:45Z,6,5851,0,0.11,cgv-shinyproxy,0.90,584.10,126
2026-07-03T02:27:45Z,6,5851,0,0.11,cgv-nginx,0.01,7.08,9
2026-07-03T02:27:45Z,6,5851,0,0.11,sp-container-2a45ead0-c15e-454f-b248-312bfd2d53bc-0,3.86,1324.03,27
2026-07-03T02:27:45Z,6,5851,0,0.11,sp-container-9544bc9c-f87d-4521-ace5-4a64d9c22d4b-0,14.71,1555.46,27
2026-07-03T02:27:45Z,6,5851,0,0.11,sp-container-1957f8fc-9e10-4b6d-9f85-01701c7ecbe0-0,19.94,2031.62,27
2026-07-03T02:27:45Z,6,5851,0,0.11,sp-container-853d36d1-b45e-42b5-9a2c-6d6dd615a008-0,5.39,424.50,27
2026-07-03T02:27:45Z,6,5851,0,0.11,sp-container-ce0fdee4-389f-44bf-bf43-1ac389110f85-0,11.77,1408.00,27
2026-07-03T02:27:45Z,6,5851,0,0.11,sp-container-f2b831ae-3c65-41f0-b7d6-83e19b033856-0,13.92,1845.25,27
2026-07-03T02:27:50Z,6,5848,0,0.10,cgv-shinyproxy,0.90,584.10,126
2026-07-03T02:27:50Z,6,5848,0,0.10,cgv-nginx,0.01,7.08,9
2026-07-03T02:27:50Z,6,5848,0,0.10,sp-container-2a45ead0-c15e-454f-b248-312bfd2d53bc-0,3.84,1324.03,27
2026-07-03T02:27:50Z,6,5848,0,0.10,sp-container-9544bc9c-f87d-4521-ace5-4a64d9c22d4b-0,14.54,1555.46,27
2026-07-03T02:27:50Z,6,5848,0,0.10,sp-container-1957f8fc-9e10-4b6d-9f85-01701c7ecbe0-0,19.71,2031.62,27
2026-07-03T02:27:50Z,6,5848,0,0.10,sp-container-853d36d1-b45e-42b5-9a2c-6d6dd615a008-0,5.33,424.50,27
2026-07-03T02:27:50Z,6,5848,0,0.10,sp-container-ce0fdee4-389f-44bf-bf43-1ac389110f85-0,11.64,1408.00,27
2026-07-03T02:27:50Z,6,5848,0,0.10,sp-container-f2b831ae-3c65-41f0-b7d6-83e19b033856-0,13.76,1845.25,27
2026-07-03T02:27:56Z,6,5855,0,0.09,cgv-shinyproxy,0.90,584.10,126
2026-07-03T02:27:56Z,6,5855,0,0.09,cgv-nginx,0.01,7.08,9
2026-07-03T02:27:56Z,6,5855,0,0.09,sp-container-2a45ead0-c15e-454f-b248-312bfd2d53bc-0,3.82,1324.03,27
2026-07-03T02:27:56Z,6,5855,0,0.09,sp-container-9544bc9c-f87d-4521-ace5-4a64d9c22d4b-0,14.38,1555.46,27
2026-07-03T02:27:56Z,6,5855,0,0.09,sp-container-1957f8fc-9e10-4b6d-9f85-01701c7ecbe0-0,19.49,2031.62,27
2026-07-03T02:27:56Z,6,5855,0,0.09,sp-container-853d36d1-b45e-42b5-9a2c-6d6dd615a008-0,5.27,424.50,27
2026-07-03T02:27:56Z,6,5855,0,0.09,sp-container-ce0fdee4-389f-44bf-bf43-1ac389110f85-0,11.50,1408.00,27
2026-07-03T02:27:56Z,6,5855,0,0.09,sp-container-f2b831ae-3c65-41f0-b7d6-83e19b033856-0,13.60,1845.25,27
2026-07-03T02:28:02Z,6,5847,0,0.09,cgv-shinyproxy,0.90,584.10,126
2026-07-03T02:28:02Z,6,5847,0,0.09,cgv-nginx,0.01,7.08,9
2026-07-03T02:28:02Z,6,5847,0,0.09,sp-container-2a45ead0-c15e-454f-b248-312bfd2d53bc-0,3.81,1324.03,27
2026-07-03T02:28:02Z,6,5847,0,0.09,sp-container-9544bc9c-f87d-4521-ace5-4a64d9c22d4b-0,14.22,1555.46,27
2026-07-03T02:28:02Z,6,5847,0,0.09,sp-container-1957f8fc-9e10-4b6d-9f85-01701c7ecbe0-0,19.27,2031.62,27
2026-07-03T02:28:02Z,6,5847,0,0.09,sp-container-853d36d1-b45e-42b5-9a2c-6d6dd615a008-0,5.21,424.50,27
2026-07-03T02:28:02Z,6,5847,0,0.09,sp-container-ce0fdee4-389f-44bf-bf43-1ac389110f85-0,11.38,1408.00,27
2026-07-03T02:28:02Z,6,5847,0,0.09,sp-container-f2b831ae-3c65-41f0-b7d6-83e19b033856-0,13.45,1845.25,27
2026-07-03T02:28:07Z,6,5850,0,0.08,cgv-shinyproxy,0.90,584.10,126
2026-07-03T02:28:07Z,6,5850,0,0.08,cgv-nginx,0.01,7.08,9
2026-07-03T02:28:07Z,6,5850,0,0.08,sp-container-2a45ead0-c15e-454f-b248-312bfd2d53bc-0,3.79,1324.03,27
2026-07-03T02:28:07Z,6,5850,0,0.08,sp-container-9544bc9c-f87d-4521-ace5-4a64d9c22d4b-0,14.06,1555.46,27
2026-07-03T02:28:07Z,6,5850,0,0.08,sp-container-1957f8fc-9e10-4b6d-9f85-01701c7ecbe0-0,19.06,2031.62,27
2026-07-03T02:28:07Z,6,5850,0,0.08,sp-container-853d36d1-b45e-42b5-9a2c-6d6dd615a008-0,5.16,424.50,27
2026-07-03T02:28:07Z,6,5850,0,0.08,sp-container-ce0fdee4-389f-44bf-bf43-1ac389110f85-0,11.25,1408.00,27
2026-07-03T02:28:07Z,6,5850,0,0.08,sp-container-f2b831ae-3c65-41f0-b7d6-83e19b033856-0,13.30,1845.25,27
2026-07-03T02:28:13Z,6,5852,0,0.07,cgv-shinyproxy,0.90,584.10,126
2026-07-03T02:28:13Z,6,5852,0,0.07,cgv-nginx,0.01,7.08,9
2026-07-03T02:28:13Z,6,5852,0,0.07,sp-container-2a45ead0-c15e-454f-b248-312bfd2d53bc-0,3.78,1324.03,27
2026-07-03T02:28:13Z,6,5852,0,0.07,sp-container-9544bc9c-f87d-4521-ace5-4a64d9c22d4b-0,13.91,1555.46,27
2026-07-03T02:28:13Z,6,5852,0,0.07,sp-container-1957f8fc-9e10-4b6d-9f85-01701c7ecbe0-0,18.85,2031.62,27
2026-07-03T02:28:13Z,6,5852,0,0.07,sp-container-853d36d1-b45e-42b5-9a2c-6d6dd615a008-0,5.10,424.50,27
2026-07-03T02:28:13Z,6,5852,0,0.07,sp-container-ce0fdee4-389f-44bf-bf43-1ac389110f85-0,11.13,1408.00,27
2026-07-03T02:28:13Z,6,5852,0,0.07,sp-container-f2b831ae-3c65-41f0-b7d6-83e19b033856-0,13.16,1845.25,27
2026-07-03T02:28:18Z,6,5854,0,0.15,cgv-shinyproxy,0.90,584.10,126
2026-07-03T02:28:18Z,6,5854,0,0.15,cgv-nginx,0.01,7.08,9
2026-07-03T02:28:18Z,6,5854,0,0.15,sp-container-2a45ead0-c15e-454f-b248-312bfd2d53bc-0,3.76,1324.03,27
2026-07-03T02:28:18Z,6,5854,0,0.15,sp-container-9544bc9c-f87d-4521-ace5-4a64d9c22d4b-0,13.76,1555.46,27
2026-07-03T02:28:18Z,6,5854,0,0.15,sp-container-1957f8fc-9e10-4b6d-9f85-01701c7ecbe0-0,18.64,2031.62,27
2026-07-03T02:28:18Z,6,5854,0,0.15,sp-container-853d36d1-b45e-42b5-9a2c-6d6dd615a008-0,5.05,424.50,27
2026-07-03T02:28:18Z,6,5854,0,0.15,sp-container-ce0fdee4-389f-44bf-bf43-1ac389110f85-0,11.01,1408.00,27
2026-07-03T02:28:18Z,6,5854,0,0.15,sp-container-f2b831ae-3c65-41f0-b7d6-83e19b033856-0,13.02,1845.25,27
2026-07-03T02:28:24Z,6,5859,0,0.28,cgv-shinyproxy,0.90,584.10,126
2026-07-03T02:28:24Z,6,5859,0,0.28,cgv-nginx,0.01,7.08,9
2026-07-03T02:28:24Z,6,5859,0,0.28,sp-container-2a45ead0-c15e-454f-b248-312bfd2d53bc-0,3.75,1324.03,27
2026-07-03T02:28:24Z,6,5859,0,0.28,sp-container-9544bc9c-f87d-4521-ace5-4a64d9c22d4b-0,13.62,1555.46,27
2026-07-03T02:28:24Z,6,5859,0,0.28,sp-container-1957f8fc-9e10-4b6d-9f85-01701c7ecbe0-0,18.45,2031.62,27
2026-07-03T02:28:24Z,6,5859,0,0.28,sp-container-853d36d1-b45e-42b5-9a2c-6d6dd615a008-0,5.00,424.50,27
2026-07-03T02:28:24Z,6,5859,0,0.28,sp-container-ce0fdee4-389f-44bf-bf43-1ac389110f85-0,10.89,1408.00,27
2026-07-03T02:28:24Z,6,5859,0,0.28,sp-container-f2b831ae-3c65-41f0-b7d6-83e19b033856-0,12.88,1845.25,27
2026-07-03T02:28:30Z,6,5850,0,0.26,cgv-shinyproxy,0.90,584.10,126
2026-07-03T02:28:30Z,6,5850,0,0.26,cgv-nginx,0.01,7.08,9
2026-07-03T02:28:30Z,6,5850,0,0.26,sp-container-2a45ead0-c15e-454f-b248-312bfd2d53bc-0,3.74,1324.03,27
2026-07-03T02:28:30Z,6,5850,0,0.26,sp-container-9544bc9c-f87d-4521-ace5-4a64d9c22d4b-0,13.48,1555.46,27
2026-07-03T02:28:30Z,6,5850,0,0.26,sp-container-1957f8fc-9e10-4b6d-9f85-01701c7ecbe0-0,18.25,2031.62,27
2026-07-03T02:28:30Z,6,5850,0,0.26,sp-container-853d36d1-b45e-42b5-9a2c-6d6dd615a008-0,4.94,424.50,27
2026-07-03T02:28:30Z,6,5850,0,0.26,sp-container-ce0fdee4-389f-44bf-bf43-1ac389110f85-0,10.78,1408.00,27
2026-07-03T02:28:30Z,6,5850,0,0.26,sp-container-f2b831ae-3c65-41f0-b7d6-83e19b033856-0,12.74,1845.25,27
2026-07-03T02:28:35Z,6,5855,0,0.24,cgv-shinyproxy,0.90,584.10,126
2026-07-03T02:28:35Z,6,5855,0,0.24,cgv-nginx,0.01,7.08,9
2026-07-03T02:28:35Z,6,5855,0,0.24,sp-container-2a45ead0-c15e-454f-b248-312bfd2d53bc-0,3.72,1324.03,27
2026-07-03T02:28:35Z,6,5855,0,0.24,sp-container-9544bc9c-f87d-4521-ace5-4a64d9c22d4b-0,13.33,1555.46,27
2026-07-03T02:28:35Z,6,5855,0,0.24,sp-container-1957f8fc-9e10-4b6d-9f85-01701c7ecbe0-0,18.06,2031.62,27
2026-07-03T02:28:35Z,6,5855,0,0.24,sp-container-853d36d1-b45e-42b5-9a2c-6d6dd615a008-0,4.89,424.50,27
2026-07-03T02:28:35Z,6,5855,0,0.24,sp-container-ce0fdee4-389f-44bf-bf43-1ac389110f85-0,10.67,1408.00,27
2026-07-03T02:28:35Z,6,5855,0,0.24,sp-container-f2b831ae-3c65-41f0-b7d6-83e19b033856-0,12.61,1845.25,27
2026-07-03T02:28:41Z,6,5849,0,0.22,cgv-shinyproxy,0.90,584.10,126
2026-07-03T02:28:41Z,6,5849,0,0.22,cgv-nginx,0.01,7.08,9
2026-07-03T02:28:41Z,6,5849,0,0.22,sp-container-2a45ead0-c15e-454f-b248-312bfd2d53bc-0,3.71,1324.03,27
2026-07-03T02:28:41Z,6,5849,0,0.22,sp-container-9544bc9c-f87d-4521-ace5-4a64d9c22d4b-0,13.20,1555.46,27
2026-07-03T02:28:41Z,6,5849,0,0.22,sp-container-1957f8fc-9e10-4b6d-9f85-01701c7ecbe0-0,17.88,2031.62,27
2026-07-03T02:28:41Z,6,5849,0,0.22,sp-container-853d36d1-b45e-42b5-9a2c-6d6dd615a008-0,4.84,424.50,27
2026-07-03T02:28:41Z,6,5849,0,0.22,sp-container-ce0fdee4-389f-44bf-bf43-1ac389110f85-0,10.56,1408.00,27
2026-07-03T02:28:41Z,6,5849,0,0.22,sp-container-f2b831ae-3c65-41f0-b7d6-83e19b033856-0,12.48,1845.25,27
2026-07-03T02:28:46Z,6,5845,0,0.20,cgv-shinyproxy,0.90,584.10,126
2026-07-03T02:28:46Z,6,5845,0,0.20,cgv-nginx,0.01,7.08,9
2026-07-03T02:28:46Z,6,5845,0,0.20,sp-container-2a45ead0-c15e-454f-b248-312bfd2d53bc-0,3.69,1324.03,27
2026-07-03T02:28:46Z,6,5845,0,0.20,sp-container-9544bc9c-f87d-4521-ace5-4a64d9c22d4b-0,13.06,1555.46,27
2026-07-03T02:28:46Z,6,5845,0,0.20,sp-container-1957f8fc-9e10-4b6d-9f85-01701c7ecbe0-0,17.70,2031.62,27
2026-07-03T02:28:46Z,6,5845,0,0.20,sp-container-853d36d1-b45e-42b5-9a2c-6d6dd615a008-0,4.80,424.50,27
2026-07-03T02:28:46Z,6,5845,0,0.20,sp-container-ce0fdee4-389f-44bf-bf43-1ac389110f85-0,10.45,1408.00,27
2026-07-03T02:28:46Z,6,5845,0,0.20,sp-container-f2b831ae-3c65-41f0-b7d6-83e19b033856-0,12.36,1845.25,27
2026-07-03T02:28:52Z,6,5841,0,0.18,cgv-shinyproxy,0.90,584.10,126
2026-07-03T02:28:52Z,6,5841,0,0.18,cgv-nginx,0.01,7.08,9
2026-07-03T02:28:52Z,6,5841,0,0.18,sp-container-2a45ead0-c15e-454f-b248-312bfd2d53bc-0,3.68,1324.03,27
2026-07-03T02:28:52Z,6,5841,0,0.18,sp-container-9544bc9c-f87d-4521-ace5-4a64d9c22d4b-0,12.93,1555.46,27
2026-07-03T02:28:52Z,6,5841,0,0.18,sp-container-1957f8fc-9e10-4b6d-9f85-01701c7ecbe0-0,17.52,2031.62,27
2026-07-03T02:28:52Z,6,5841,0,0.18,sp-container-853d36d1-b45e-42b5-9a2c-6d6dd615a008-0,4.75,424.50,27
2026-07-03T02:28:52Z,6,5841,0,0.18,sp-container-ce0fdee4-389f-44bf-bf43-1ac389110f85-0,10.34,1408.00,27
2026-07-03T02:28:52Z,6,5841,0,0.18,sp-container-f2b831ae-3c65-41f0-b7d6-83e19b033856-0,12.23,1845.25,27
2026-07-03T02:28:57Z,6,5841,0,0.17,cgv-shinyproxy,0.90,584.10,126
2026-07-03T02:28:57Z,6,5841,0,0.17,cgv-nginx,0.01,7.08,9
2026-07-03T02:28:57Z,6,5841,0,0.17,sp-container-2a45ead0-c15e-454f-b248-312bfd2d53bc-0,3.66,1324.03,27
2026-07-03T02:28:57Z,6,5841,0,0.17,sp-container-9544bc9c-f87d-4521-ace5-4a64d9c22d4b-0,12.80,1555.46,27
2026-07-03T02:28:57Z,6,5841,0,0.17,sp-container-1957f8fc-9e10-4b6d-9f85-01701c7ecbe0-0,17.34,2031.62,27
2026-07-03T02:28:57Z,6,5841,0,0.17,sp-container-853d36d1-b45e-42b5-9a2c-6d6dd615a008-0,4.70,424.50,27
2026-07-03T02:28:57Z,6,5841,0,0.17,sp-container-ce0fdee4-389f-44bf-bf43-1ac389110f85-0,10.25,1408.00,27
2026-07-03T02:28:57Z,6,5841,0,0.17,sp-container-f2b831ae-3c65-41f0-b7d6-83e19b033856-0,12.11,1845.25,27
2026-07-03T02:29:03Z,6,5851,0,0.15,cgv-shinyproxy,0.90,584.10,126
2026-07-03T02:29:03Z,6,5851,0,0.15,cgv-nginx,0.01,7.08,9
2026-07-03T02:29:03Z,6,5851,0,0.15,sp-container-2a45ead0-c15e-454f-b248-312bfd2d53bc-0,3.65,1324.03,27
2026-07-03T02:29:03Z,6,5851,0,0.15,sp-container-9544bc9c-f87d-4521-ace5-4a64d9c22d4b-0,12.67,1555.46,27
2026-07-03T02:29:03Z,6,5851,0,0.15,sp-container-1957f8fc-9e10-4b6d-9f85-01701c7ecbe0-0,17.17,2031.62,27
2026-07-03T02:29:03Z,6,5851,0,0.15,sp-container-853d36d1-b45e-42b5-9a2c-6d6dd615a008-0,4.65,424.50,27
2026-07-03T02:29:03Z,6,5851,0,0.15,sp-container-ce0fdee4-389f-44bf-bf43-1ac389110f85-0,10.14,1408.00,27
2026-07-03T02:29:03Z,6,5851,0,0.15,sp-container-f2b831ae-3c65-41f0-b7d6-83e19b033856-0,11.99,1845.25,27
2026-07-03T02:29:09Z,6,5844,0,0.13,cgv-shinyproxy,0.90,584.10,126
2026-07-03T02:29:09Z,6,5844,0,0.13,cgv-nginx,0.01,7.08,9
2026-07-03T02:29:09Z,6,5844,0,0.13,sp-container-2a45ead0-c15e-454f-b248-312bfd2d53bc-0,3.64,1324.03,27
2026-07-03T02:29:09Z,6,5844,0,0.13,sp-container-9544bc9c-f87d-4521-ace5-4a64d9c22d4b-0,12.55,1555.46,27
2026-07-03T02:29:09Z,6,5844,0,0.13,sp-container-1957f8fc-9e10-4b6d-9f85-01701c7ecbe0-0,17.00,2031.62,27
2026-07-03T02:29:09Z,6,5844,0,0.13,sp-container-853d36d1-b45e-42b5-9a2c-6d6dd615a008-0,4.61,424.50,27
2026-07-03T02:29:09Z,6,5844,0,0.13,sp-container-ce0fdee4-389f-44bf-bf43-1ac389110f85-0,10.05,1408.00,27
2026-07-03T02:29:09Z,6,5844,0,0.13,sp-container-f2b831ae-3c65-41f0-b7d6-83e19b033856-0,11.87,1845.25,27
2026-07-03T02:29:14Z,6,5852,0,0.12,cgv-shinyproxy,0.90,584.10,126
2026-07-03T02:29:14Z,6,5852,0,0.12,cgv-nginx,0.01,7.08,9
2026-07-03T02:29:14Z,6,5852,0,0.12,sp-container-2a45ead0-c15e-454f-b248-312bfd2d53bc-0,3.62,1324.03,27
2026-07-03T02:29:14Z,6,5852,0,0.12,sp-container-9544bc9c-f87d-4521-ace5-4a64d9c22d4b-0,12.43,1555.46,27
2026-07-03T02:29:14Z,6,5852,0,0.12,sp-container-1957f8fc-9e10-4b6d-9f85-01701c7ecbe0-0,16.83,2031.62,27
2026-07-03T02:29:14Z,6,5852,0,0.12,sp-container-853d36d1-b45e-42b5-9a2c-6d6dd615a008-0,4.57,424.50,27
2026-07-03T02:29:14Z,6,5852,0,0.12,sp-container-ce0fdee4-389f-44bf-bf43-1ac389110f85-0,9.95,1408.00,27
2026-07-03T02:29:14Z,6,5852,0,0.12,sp-container-f2b831ae-3c65-41f0-b7d6-83e19b033856-0,11.76,1845.25,27
2026-07-03T02:29:20Z,6,5848,0,0.11,cgv-shinyproxy,0.90,584.10,126
2026-07-03T02:29:20Z,6,5848,0,0.11,cgv-nginx,0.01,7.08,9
2026-07-03T02:29:20Z,6,5848,0,0.11,sp-container-2a45ead0-c15e-454f-b248-312bfd2d53bc-0,3.61,1324.03,27
2026-07-03T02:29:20Z,6,5848,0,0.11,sp-container-9544bc9c-f87d-4521-ace5-4a64d9c22d4b-0,12.31,1555.46,27
2026-07-03T02:29:20Z,6,5848,0,0.11,sp-container-1957f8fc-9e10-4b6d-9f85-01701c7ecbe0-0,16.67,2031.62,27
2026-07-03T02:29:20Z,6,5848,0,0.11,sp-container-853d36d1-b45e-42b5-9a2c-6d6dd615a008-0,4.52,424.50,27
2026-07-03T02:29:20Z,6,5848,0,0.11,sp-container-ce0fdee4-389f-44bf-bf43-1ac389110f85-0,9.85,1408.00,27
2026-07-03T02:29:20Z,6,5848,0,0.11,sp-container-f2b831ae-3c65-41f0-b7d6-83e19b033856-0,11.64,1845.25,27
